,taxa 1,taxa 2,taxa 3,taxa 4,taxa 5,taxa 6,taxa 7,taxa 8,taxa 9,taxa 10,taxa 11,taxa 12,taxa 13,taxa 14,taxa 15,taxa 16,taxa 17,taxa 18,taxa 19,taxa 20,taxa 21,taxa 22,taxa 23,taxa 24,taxa 25,taxa 26,taxa 27,taxa 28,taxa 29,taxa 30,taxa 31,taxa 32,taxa 33,taxa 34,taxa 35,taxa 36,taxa 37,taxa 38,taxa 39,taxa 40,taxa 41,taxa 42,taxa 43,taxa 44,taxa 45,taxa 46,taxa 47,taxa 48,taxa 49,taxa 50,taxa 51,taxa 52,taxa 53,taxa 54,taxa 55,taxa 56,taxa 57,taxa 58,taxa 59,taxa 60,taxa 61,taxa 62,taxa 63,taxa 64,taxa 65,taxa 66,taxa 67,taxa 68,taxa 69,taxa 70,taxa 71,taxa 72,taxa 73,taxa 74,taxa 75,taxa 76,taxa 77,taxa 78,taxa 79,taxa 80,taxa 81,taxa 82,taxa 83,taxa 84,taxa 85,taxa 86,taxa 87,taxa 88,taxa 89,taxa 90,taxa 91,taxa 92
sample 1,3.0,950.0,319.0,4.0,0.0,335.0,0.0,599.0,3245.0,0.0,0.0,0.0,0.0,99.0,559.0,82.0,41.0,0.0,0.0,0.0,15.0,246.0,0.0,88.0,0.0,26.0,0.0,0.0,0.0,1385.0,0.0,0.0,43.0,128.0,0.0,0.0,0.0,109.0,0.0,28.0,13.0,51.0,128.0,0.0,0.0,0.0,0.0,2.0,0.0,0.0,0.0,44.0,16.0,0.0,0.0,61.0,0.0,6.0,0.0,97.0,0.0,0.0,0.0,0.0,10.0,0.0,0.0,0.0,11.0,0.0,0.0,0.0,0.0,0.0,0.0,0.0,0.0,20.0,0.0,0.0,0.0,0.0,0.0,0.0,0.0,40.0,0.0,0.0,0.0,0.0,0.0,0.0
sample 2,8.0,121.0,1011.0,0.0,2299.0,209.0,612.0,2442.0,4.0,231.0,101.0,806.0,18.0,112.0,0.0,14.0,62.0,0.0,10.0,0.0,0.0,0.0,0.0,188.0,0.0,44.0,0.0,0.0,50.0,9.0,100.0,83.0,41.0,3.0,26.0,8.0,0.0,43.0,0.0,0.0,20.0,0.0,0.0,0.0,0.0,11.0,0.0,15.0,0.0,0.0,0.0,28.0,0.0,0.0,0.0,0.0,0.0,13.0,0.0,0.0,0.0,0.0,0.0,0.0,0.0,0.0,0.0,0.0,0.0,0.0,0.0,0.0,0.0,0.0,0.0,0.0,0.0,0.0,22.0,0.0,0.0,0.0,0.0,15.0,0.0,0.0,0.0,0.0,0.0,0.0,0.0,0.0
sample 3,3.0,117.0,735.0,0.0,20.0,29.0,176.0,75.0,7.0,50.0,283.0,86.0,98.0,13.0,49.0,11.0,53.0,0.0,5.0,0.0,0.0,0.0,0.0,35.0,0.0,98.0,0.0,0.0,7.0,0.0,0.0,101.0,112.0,16.0,0.0,8.0,0.0,3.0,0.0,0.0,4.0,3.0,0.0,3.0,0.0,8.0,0.0,0.0,0.0,0.0,0.0,14.0,0.0,0.0,0.0,0.0,0.0,5.0,0.0,0.0,0.0,0.0,0.0,0.0,0.0,0.0,0.0,0.0,0.0,0.0,0.0,0.0,0.0,0.0,0.0,0.0,0.0,0.0,0.0,0.0,0.0,0.0,0.0,0.0,0.0,0.0,0.0,0.0,0.0,0.0,0.0,0.0
sample 4,9.0,83.0,1194.0,0.0,8.0,217.0,331.0,361.0,44.0,167.0,97.0,477.0,56.0,149.0,0.0,17.0,17.0,0.0,0.0,0.0,0.0,0.0,0.0,119.0,0.0,102.0,0.0,0.0,42.0,5.0,27.0,31.0,74.0,17.0,6.0,70.0,0.0,17.0,11.0,0.0,4.0,25.0,0.0,28.0,0.0,48.0,0.0,6.0,0.0,0.0,0.0,81.0,0.0,0.0,0.0,0.0,0.0,6.0,0.0,0.0,0.0,0.0,0.0,0.0,0.0,0.0,0.0,0.0,0.0,0.0,0.0,0.0,0.0,0.0,18.0,0.0,0.0,11.0,4.0,0.0,0.0,0.0,0.0,8.0,0.0,0.0,0.0,0.0,0.0,0.0,0.0,0.0
sample 5,4564.0,1734.0,223.0,0.0,536.0,0.0,65.0,60.0,0.0,53.0,79.0,27.0,0.0,0.0,0.0,16.0,16.0,0.0,180.0,0.0,0.0,0.0,0.0,21.0,0.0,0.0,0.0,0.0,15.0,0.0,0.0,22.0,7.0,0.0,0.0,0.0,0.0,0.0,0.0,0.0,0.0,10.0,0.0,87.0,0.0,0.0,0.0,0.0,0.0,0.0,0.0,0.0,0.0,0.0,0.0,0.0,0.0,0.0,0.0,0.0,12.0,0.0,0.0,0.0,0.0,0.0,0.0,7.0,0.0,0.0,0.0,0.0,0.0,0.0,0.0,0.0,0.0,0.0,0.0,0.0,0.0,0.0,0.0,0.0,0.0,3.0,0.0,0.0,0.0,0.0,0.0,0.0
sample 6,1743.0,1353.0,353.0,0.0,807.0,6.0,72.0,27.0,0.0,22.0,9.0,22.0,0.0,0.0,26.0,14.0,8.0,0.0,50.0,0.0,0.0,0.0,0.0,23.0,0.0,0.0,0.0,0.0,0.0,0.0,0.0,8.0,0.0,0.0,0.0,0.0,0.0,0.0,0.0,0.0,0.0,0.0,0.0,65.0,0.0,0.0,0.0,0.0,0.0,0.0,0.0,0.0,0.0,0.0,7.0,0.0,0.0,10.0,0.0,0.0,0.0,0.0,0.0,0.0,0.0,0.0,0.0,0.0,0.0,0.0,6.0,0.0,0.0,0.0,0.0,0.0,0.0,0.0,0.0,0.0,0.0,0.0,0.0,0.0,0.0,0.0,0.0,0.0,0.0,0.0,0.0,0.0
sample 7,1827.0,3209.0,806.0,0.0,878.0,31.0,195.0,31.0,3.0,19.0,16.0,31.0,0.0,9.0,0.0,52.0,16.0,0.0,184.0,0.0,0.0,0.0,0.0,33.0,0.0,0.0,0.0,0.0,0.0,15.0,10.0,77.0,11.0,0.0,0.0,0.0,0.0,0.0,0.0,0.0,0.0,40.0,10.0,9.0,0.0,0.0,0.0,3.0,0.0,0.0,5.0,0.0,0.0,0.0,8.0,0.0,0.0,0.0,0.0,0.0,0.0,0.0,0.0,0.0,0.0,0.0,0.0,6.0,0.0,0.0,4.0,0.0,0.0,0.0,0.0,0.0,0.0,0.0,0.0,0.0,0.0,0.0,0.0,0.0,0.0,0.0,0.0,0.0,0.0,0.0,0.0,0.0
sample 8,8.0,761.0,453.0,0.0,668.0,9.0,625.0,14.0,7.0,253.0,0.0,36.0,45.0,0.0,38.0,0.0,23.0,0.0,0.0,0.0,0.0,0.0,0.0,34.0,0.0,67.0,0.0,0.0,0.0,9.0,22.0,52.0,61.0,0.0,0.0,0.0,0.0,0.0,0.0,0.0,0.0,11.0,0.0,0.0,0.0,8.0,0.0,12.0,0.0,12.0,0.0,0.0,0.0,0.0,0.0,0.0,0.0,14.0,0.0,0.0,3.0,0.0,0.0,0.0,0.0,0.0,0.0,0.0,0.0,0.0,0.0,0.0,0.0,0.0,0.0,0.0,0.0,0.0,0.0,0.0,0.0,0.0,0.0,0.0,0.0,0.0,0.0,0.0,0.0,0.0,0.0,0.0
sample 9,32.0,1351.0,464.0,0.0,131.0,33.0,542.0,74.0,2.0,463.0,0.0,60.0,138.0,6.0,113.0,10.0,73.0,0.0,0.0,0.0,0.0,0.0,0.0,32.0,0.0,63.0,0.0,0.0,3.0,8.0,16.0,33.0,58.0,0.0,23.0,0.0,0.0,0.0,0.0,0.0,0.0,16.0,19.0,0.0,8.0,0.0,0.0,12.0,0.0,0.0,11.0,8.0,0.0,0.0,0.0,0.0,0.0,4.0,0.0,0.0,0.0,0.0,0.0,0.0,0.0,0.0,0.0,0.0,0.0,0.0,0.0,0.0,0.0,0.0,0.0,0.0,0.0,5.0,11.0,0.0,0.0,4.0,0.0,3.0,0.0,0.0,0.0,0.0,0.0,0.0,0.0,0.0
sample 10,7.0,1505.0,464.0,0.0,272.0,162.0,447.0,21.0,0.0,519.0,0.0,10.0,254.0,19.0,96.0,0.0,42.0,0.0,0.0,0.0,0.0,0.0,0.0,81.0,0.0,100.0,0.0,0.0,31.0,26.0,28.0,49.0,101.0,0.0,32.0,12.0,0.0,0.0,0.0,21.0,0.0,0.0,4.0,8.0,0.0,18.0,0.0,0.0,9.0,21.0,25.0,5.0,0.0,0.0,0.0,9.0,0.0,6.0,0.0,0.0,0.0,0.0,0.0,0.0,23.0,0.0,0.0,0.0,0.0,0.0,0.0,0.0,0.0,0.0,0.0,0.0,3.0,6.0,9.0,8.0,0.0,0.0,0.0,0.0,0.0,0.0,0.0,0.0,0.0,0.0,0.0,0.0
sample 11,9.0,1043.0,511.0,2.0,9.0,65.0,380.0,166.0,3.0,1519.0,0.0,76.0,0.0,0.0,0.0,24.0,0.0,0.0,0.0,0.0,0.0,0.0,0.0,0.0,0.0,60.0,0.0,0.0,0.0,39.0,0.0,0.0,40.0,0.0,0.0,0.0,0.0,0.0,0.0,0.0,0.0,0.0,0.0,0.0,0.0,0.0,0.0,8.0,0.0,0.0,17.0,0.0,0.0,0.0,0.0,0.0,0.0,0.0,0.0,0.0,0.0,0.0,0.0,0.0,0.0,0.0,0.0,0.0,9.0,0.0,0.0,0.0,0.0,0.0,0.0,0.0,4.0,9.0,0.0,0.0,0.0,0.0,0.0,0.0,0.0,0.0,0.0,0.0,0.0,0.0,0.0,0.0
sample 12,6.0,1918.0,871.0,0.0,0.0,402.0,0.0,1691.0,97.0,0.0,0.0,16.0,0.0,353.0,1337.0,130.0,98.0,0.0,0.0,33.0,0.0,456.0,0.0,86.0,0.0,27.0,0.0,0.0,38.0,666.0,0.0,2.0,0.0,454.0,19.0,0.0,0.0,0.0,0.0,57.0,145.0,22.0,344.0,0.0,0.0,19.0,0.0,3.0,0.0,13.0,0.0,32.0,0.0,0.0,0.0,0.0,0.0,0.0,0.0,44.0,0.0,0.0,0.0,0.0,0.0,0.0,0.0,0.0,5.0,0.0,0.0,0.0,0.0,0.0,8.0,0.0,0.0,0.0,0.0,0.0,0.0,0.0,0.0,0.0,0.0,0.0,0.0,0.0,0.0,0.0,0.0,0.0
sample 13,0.0,203.0,116.0,0.0,0.0,0.0,83.0,1105.0,107.0,406.0,0.0,33.0,0.0,0.0,0.0,7.0,2.0,0.0,11.0,0.0,0.0,0.0,0.0,5.0,0.0,19.0,0.0,0.0,0.0,125.0,0.0,0.0,0.0,0.0,0.0,0.0,0.0,0.0,0.0,0.0,0.0,0.0,0.0,0.0,0.0,0.0,0.0,0.0,0.0,0.0,0.0,0.0,0.0,0.0,0.0,0.0,0.0,0.0,0.0,0.0,0.0,0.0,0.0,0.0,0.0,0.0,0.0,0.0,0.0,0.0,0.0,0.0,0.0,0.0,0.0,0.0,0.0,0.0,0.0,0.0,0.0,0.0,0.0,0.0,0.0,0.0,0.0,0.0,0.0,0.0,0.0,0.0
sample 14,8.0,682.0,323.0,0.0,0.0,80.0,199.0,1082.0,50.0,545.0,0.0,120.0,0.0,0.0,0.0,28.0,4.0,0.0,9.0,0.0,0.0,0.0,0.0,15.0,0.0,22.0,0.0,0.0,0.0,107.0,0.0,5.0,23.0,3.0,0.0,0.0,0.0,24.0,0.0,0.0,0.0,0.0,0.0,0.0,0.0,0.0,0.0,0.0,0.0,0.0,7.0,0.0,0.0,0.0,0.0,0.0,0.0,0.0,0.0,0.0,0.0,0.0,0.0,0.0,0.0,0.0,0.0,2.0,0.0,0.0,0.0,0.0,0.0,0.0,0.0,0.0,0.0,0.0,0.0,0.0,0.0,0.0,0.0,0.0,0.0,0.0,0.0,0.0,0.0,0.0,0.0,0.0
sample 15,128.0,1128.0,65.0,32.0,166.0,0.0,166.0,8.0,3.0,69.0,0.0,113.0,0.0,0.0,93.0,56.0,26.0,10.0,0.0,0.0,0.0,0.0,63.0,125.0,0.0,0.0,0.0,0.0,0.0,0.0,0.0,50.0,0.0,0.0,0.0,0.0,9.0,0.0,19.0,0.0,0.0,0.0,35.0,0.0,4.0,0.0,0.0,0.0,4.0,0.0,0.0,2.0,0.0,0.0,37.0,0.0,5.0,0.0,0.0,0.0,0.0,0.0,104.0,46.0,0.0,0.0,0.0,0.0,0.0,0.0,26.0,0.0,0.0,0.0,0.0,0.0,4.0,0.0,0.0,0.0,0.0,0.0,0.0,0.0,0.0,0.0,0.0,0.0,0.0,0.0,0.0,0.0
sample 16,168.0,1886.0,308.0,3.0,104.0,6.0,402.0,276.0,131.0,1173.0,176.0,148.0,0.0,25.0,102.0,94.0,0.0,64.0,0.0,0.0,0.0,13.0,97.0,66.0,0.0,0.0,0.0,3.0,125.0,58.0,11.0,134.0,0.0,0.0,0.0,0.0,0.0,0.0,27.0,5.0,10.0,0.0,28.0,92.0,53.0,0.0,0.0,11.0,0.0,0.0,0.0,0.0,11.0,0.0,54.0,2.0,0.0,5.0,0.0,0.0,0.0,0.0,111.0,77.0,0.0,0.0,0.0,10.0,0.0,0.0,69.0,0.0,0.0,0.0,0.0,0.0,14.0,0.0,0.0,0.0,0.0,0.0,0.0,0.0,0.0,0.0,0.0,0.0,4.0,0.0,3.0,0.0
sample 17,216.0,899.0,161.0,13.0,0.0,3.0,190.0,127.0,20.0,104.0,0.0,46.0,0.0,52.0,205.0,43.0,15.0,0.0,0.0,0.0,3.0,10.0,79.0,25.0,0.0,0.0,0.0,0.0,11.0,0.0,8.0,8.0,0.0,6.0,0.0,0.0,0.0,0.0,24.0,9.0,0.0,0.0,0.0,18.0,0.0,0.0,81.0,7.0,6.0,0.0,0.0,0.0,8.0,0.0,0.0,0.0,0.0,0.0,0.0,0.0,0.0,0.0,56.0,0.0,0.0,0.0,4.0,0.0,0.0,0.0,8.0,0.0,25.0,0.0,0.0,0.0,11.0,0.0,0.0,0.0,0.0,0.0,0.0,0.0,0.0,0.0,0.0,0.0,0.0,0.0,0.0,0.0
sample 18,7.0,510.0,677.0,0.0,699.0,8.0,0.0,2162.0,40.0,0.0,0.0,12.0,0.0,519.0,195.0,40.0,90.0,0.0,0.0,0.0,0.0,123.0,0.0,96.0,0.0,0.0,0.0,0.0,11.0,953.0,0.0,0.0,7.0,292.0,32.0,437.0,0.0,23.0,0.0,26.0,42.0,56.0,160.0,0.0,0.0,0.0,0.0,0.0,0.0,2.0,40.0,17.0,0.0,0.0,0.0,63.0,9.0,14.0,0.0,62.0,0.0,0.0,0.0,0.0,0.0,0.0,0.0,0.0,0.0,0.0,0.0,0.0,0.0,0.0,0.0,0.0,0.0,0.0,0.0,0.0,0.0,0.0,0.0,0.0,0.0,0.0,0.0,0.0,0.0,0.0,0.0,0.0
sample 19,8.0,2356.0,45.0,6.0,638.0,20.0,0.0,29.0,42.0,40.0,11.0,72.0,0.0,48.0,30.0,11.0,12.0,6.0,0.0,0.0,0.0,102.0,0.0,157.0,0.0,0.0,0.0,0.0,7.0,0.0,0.0,21.0,0.0,0.0,0.0,0.0,0.0,13.0,0.0,0.0,0.0,0.0,2.0,0.0,0.0,0.0,194.0,0.0,24.0,0.0,0.0,0.0,0.0,0.0,6.0,0.0,27.0,19.0,18.0,0.0,0.0,0.0,0.0,0.0,0.0,0.0,0.0,0.0,0.0,0.0,0.0,0.0,0.0,0.0,53.0,0.0,0.0,4.0,0.0,0.0,0.0,0.0,0.0,0.0,0.0,0.0,0.0,0.0,0.0,0.0,0.0,0.0
sample 20,4.0,1894.0,178.0,0.0,14.0,23.0,11.0,132.0,143.0,26.0,0.0,0.0,0.0,51.0,33.0,3.0,30.0,0.0,0.0,0.0,0.0,64.0,0.0,32.0,0.0,0.0,0.0,0.0,5.0,23.0,0.0,30.0,0.0,0.0,93.0,5.0,0.0,0.0,0.0,11.0,0.0,13.0,4.0,0.0,0.0,7.0,362.0,0.0,14.0,9.0,0.0,0.0,0.0,0.0,6.0,19.0,0.0,34.0,0.0,0.0,0.0,0.0,0.0,0.0,0.0,0.0,0.0,0.0,0.0,0.0,0.0,0.0,0.0,0.0,18.0,0.0,0.0,17.0,0.0,0.0,0.0,0.0,0.0,0.0,0.0,0.0,18.0,0.0,0.0,0.0,0.0,0.0
sample 21,8.0,1052.0,100.0,0.0,29.0,9.0,0.0,17.0,256.0,62.0,2.0,44.0,0.0,42.0,25.0,0.0,43.0,0.0,0.0,0.0,0.0,77.0,0.0,65.0,0.0,0.0,138.0,0.0,0.0,3.0,0.0,17.0,0.0,0.0,18.0,3.0,0.0,44.0,0.0,0.0,0.0,0.0,0.0,0.0,5.0,78.0,407.0,10.0,18.0,5.0,0.0,16.0,0.0,0.0,6.0,0.0,0.0,9.0,0.0,0.0,0.0,0.0,0.0,0.0,0.0,0.0,0.0,0.0,0.0,0.0,0.0,0.0,0.0,22.0,0.0,0.0,0.0,7.0,0.0,0.0,0.0,0.0,0.0,0.0,0.0,0.0,0.0,0.0,0.0,0.0,0.0,0.0
sample 22,5.0,914.0,434.0,14.0,21.0,50.0,114.0,99.0,45.0,3.0,0.0,330.0,0.0,9.0,0.0,23.0,13.0,0.0,15.0,0.0,0.0,61.0,0.0,165.0,0.0,0.0,0.0,0.0,8.0,4.0,0.0,71.0,0.0,0.0,6.0,0.0,0.0,16.0,76.0,0.0,9.0,0.0,0.0,0.0,0.0,0.0,0.0,0.0,0.0,53.0,0.0,0.0,0.0,0.0,0.0,0.0,0.0,17.0,0.0,0.0,0.0,0.0,0.0,0.0,3.0,0.0,0.0,0.0,0.0,0.0,0.0,0.0,0.0,0.0,0.0,0.0,0.0,3.0,0.0,0.0,0.0,0.0,0.0,0.0,0.0,0.0,0.0,0.0,0.0,0.0,0.0,0.0
sample 23,5.0,607.0,512.0,0.0,67.0,471.0,266.0,70.0,7.0,34.0,0.0,63.0,0.0,92.0,29.0,18.0,31.0,0.0,0.0,0.0,0.0,24.0,0.0,13.0,0.0,0.0,0.0,0.0,0.0,3.0,0.0,14.0,0.0,0.0,18.0,53.0,0.0,0.0,196.0,0.0,0.0,15.0,0.0,0.0,0.0,0.0,17.0,4.0,0.0,33.0,0.0,12.0,0.0,0.0,0.0,0.0,0.0,0.0,0.0,0.0,0.0,0.0,0.0,0.0,16.0,0.0,0.0,0.0,0.0,0.0,0.0,0.0,0.0,0.0,0.0,0.0,0.0,13.0,0.0,0.0,0.0,0.0,0.0,0.0,0.0,0.0,0.0,0.0,0.0,0.0,0.0,0.0
sample 24,538.0,1578.0,119.0,0.0,554.0,85.0,239.0,33.0,3.0,23.0,131.0,108.0,0.0,15.0,268.0,80.0,0.0,0.0,20.0,0.0,0.0,59.0,0.0,53.0,31.0,23.0,0.0,0.0,0.0,0.0,18.0,41.0,0.0,0.0,4.0,0.0,0.0,0.0,0.0,0.0,5.0,16.0,0.0,0.0,3.0,0.0,0.0,0.0,0.0,12.0,0.0,9.0,0.0,0.0,0.0,0.0,0.0,0.0,0.0,0.0,0.0,0.0,0.0,0.0,0.0,0.0,11.0,0.0,0.0,0.0,0.0,0.0,0.0,0.0,0.0,15.0,6.0,0.0,0.0,11.0,0.0,0.0,0.0,0.0,0.0,0.0,0.0,0.0,0.0,0.0,9.0,0.0
sample 25,80.0,734.0,206.0,0.0,1728.0,8.0,139.0,6.0,0.0,42.0,0.0,56.0,0.0,12.0,0.0,57.0,72.0,0.0,0.0,0.0,0.0,0.0,0.0,11.0,51.0,21.0,0.0,0.0,0.0,0.0,9.0,44.0,28.0,0.0,9.0,0.0,0.0,0.0,0.0,8.0,0.0,0.0,6.0,0.0,0.0,3.0,0.0,0.0,0.0,0.0,0.0,0.0,0.0,0.0,0.0,0.0,0.0,0.0,0.0,0.0,5.0,0.0,0.0,0.0,0.0,0.0,0.0,0.0,0.0,0.0,0.0,0.0,0.0,0.0,0.0,0.0,0.0,0.0,0.0,0.0,0.0,0.0,0.0,0.0,0.0,0.0,0.0,0.0,0.0,0.0,0.0,0.0
sample 26,169.0,829.0,223.0,16.0,517.0,5.0,138.0,158.0,0.0,89.0,6399.0,33.0,0.0,145.0,34.0,37.0,10.0,0.0,9.0,0.0,0.0,0.0,0.0,0.0,42.0,59.0,0.0,0.0,0.0,0.0,20.0,40.0,74.0,0.0,17.0,0.0,0.0,0.0,0.0,0.0,6.0,23.0,0.0,0.0,0.0,8.0,0.0,13.0,0.0,61.0,12.0,0.0,0.0,0.0,12.0,0.0,0.0,9.0,0.0,0.0,0.0,0.0,28.0,0.0,0.0,0.0,0.0,0.0,0.0,16.0,13.0,0.0,4.0,0.0,0.0,11.0,3.0,0.0,0.0,0.0,0.0,0.0,0.0,0.0,0.0,0.0,0.0,0.0,0.0,0.0,5.0,0.0
sample 27,3.0,1138.0,533.0,0.0,1966.0,58.0,0.0,712.0,622.0,0.0,0.0,24.0,0.0,0.0,157.0,30.0,84.0,0.0,0.0,0.0,0.0,0.0,0.0,263.0,0.0,0.0,0.0,0.0,5.0,228.0,0.0,0.0,0.0,22.0,0.0,0.0,0.0,60.0,0.0,15.0,13.0,59.0,13.0,0.0,0.0,0.0,0.0,0.0,0.0,8.0,0.0,0.0,0.0,0.0,0.0,0.0,16.0,67.0,0.0,58.0,0.0,0.0,0.0,0.0,0.0,0.0,0.0,0.0,19.0,0.0,0.0,0.0,0.0,0.0,9.0,0.0,0.0,0.0,0.0,0.0,0.0,0.0,0.0,8.0,0.0,0.0,0.0,0.0,0.0,0.0,0.0,0.0
sample 28,0.0,748.0,122.0,0.0,0.0,0.0,142.0,7.0,75.0,8.0,0.0,0.0,0.0,7.0,19.0,4.0,11.0,0.0,0.0,32.0,0.0,0.0,0.0,166.0,0.0,0.0,0.0,0.0,9.0,0.0,36.0,2.0,0.0,0.0,0.0,55.0,0.0,0.0,0.0,0.0,0.0,0.0,0.0,5.0,0.0,0.0,0.0,16.0,0.0,61.0,0.0,14.0,0.0,0.0,0.0,33.0,0.0,65.0,0.0,0.0,0.0,0.0,0.0,0.0,0.0,116.0,0.0,0.0,0.0,0.0,0.0,0.0,0.0,0.0,0.0,0.0,0.0,9.0,0.0,0.0,0.0,0.0,0.0,0.0,0.0,0.0,0.0,0.0,0.0,0.0,0.0,0.0
sample 29,29.0,580.0,204.0,8.0,15.0,0.0,135.0,764.0,656.0,79.0,13.0,0.0,0.0,16.0,44.0,18.0,21.0,0.0,0.0,0.0,0.0,0.0,0.0,48.0,0.0,0.0,0.0,0.0,0.0,13.0,0.0,4.0,0.0,0.0,0.0,20.0,0.0,0.0,0.0,3.0,0.0,0.0,0.0,6.0,0.0,14.0,0.0,7.0,4.0,59.0,0.0,30.0,2.0,0.0,0.0,0.0,0.0,18.0,0.0,0.0,0.0,0.0,0.0,0.0,0.0,0.0,0.0,16.0,0.0,0.0,0.0,0.0,0.0,0.0,0.0,0.0,0.0,0.0,0.0,3.0,0.0,4.0,0.0,0.0,0.0,0.0,0.0,0.0,0.0,0.0,0.0,0.0
sample 30,27.0,691.0,327.0,5.0,44.0,5.0,289.0,1048.0,962.0,27.0,0.0,6.0,6.0,22.0,30.0,12.0,83.0,0.0,0.0,0.0,0.0,0.0,0.0,50.0,0.0,0.0,0.0,0.0,5.0,2.0,36.0,10.0,0.0,13.0,0.0,31.0,0.0,0.0,0.0,0.0,0.0,9.0,0.0,13.0,0.0,10.0,0.0,11.0,4.0,44.0,0.0,5.0,0.0,0.0,0.0,0.0,0.0,17.0,0.0,0.0,0.0,0.0,0.0,0.0,0.0,0.0,0.0,8.0,0.0,0.0,0.0,0.0,0.0,0.0,0.0,0.0,0.0,9.0,0.0,0.0,0.0,0.0,0.0,0.0,0.0,0.0,0.0,0.0,0.0,0.0,0.0,0.0
sample 31,8.0,172.0,59.0,0.0,1280.0,9.0,0.0,80.0,3.0,90.0,0.0,7.0,12.0,5.0,8.0,7.0,0.0,0.0,0.0,0.0,0.0,14.0,0.0,15.0,0.0,0.0,0.0,0.0,0.0,7.0,0.0,0.0,0.0,0.0,0.0,0.0,0.0,0.0,0.0,0.0,0.0,0.0,0.0,0.0,0.0,0.0,0.0,0.0,0.0,0.0,0.0,4.0,0.0,0.0,0.0,0.0,0.0,6.0,0.0,0.0,0.0,0.0,0.0,0.0,0.0,0.0,0.0,7.0,0.0,0.0,0.0,0.0,0.0,0.0,0.0,0.0,0.0,0.0,0.0,0.0,0.0,0.0,0.0,0.0,0.0,0.0,0.0,0.0,0.0,0.0,0.0,0.0
sample 32,0.0,347.0,76.0,0.0,1269.0,11.0,62.0,48.0,52.0,83.0,0.0,22.0,8.0,5.0,30.0,19.0,0.0,28.0,0.0,0.0,0.0,12.0,0.0,27.0,0.0,0.0,0.0,0.0,3.0,0.0,0.0,8.0,0.0,0.0,0.0,0.0,0.0,0.0,0.0,0.0,0.0,0.0,0.0,0.0,0.0,0.0,0.0,0.0,0.0,0.0,0.0,0.0,0.0,0.0,0.0,0.0,0.0,8.0,0.0,0.0,0.0,0.0,0.0,0.0,0.0,0.0,0.0,0.0,0.0,0.0,0.0,0.0,0.0,0.0,0.0,0.0,0.0,0.0,0.0,0.0,0.0,0.0,0.0,0.0,0.0,0.0,0.0,0.0,0.0,0.0,0.0,0.0
sample 33,0.0,410.0,134.0,0.0,1958.0,59.0,27.0,9.0,0.0,39.0,0.0,14.0,96.0,0.0,47.0,24.0,0.0,0.0,0.0,0.0,0.0,32.0,0.0,36.0,0.0,0.0,0.0,0.0,0.0,0.0,0.0,0.0,0.0,0.0,0.0,0.0,0.0,0.0,0.0,0.0,0.0,5.0,0.0,0.0,0.0,0.0,0.0,0.0,0.0,0.0,0.0,0.0,0.0,0.0,0.0,0.0,0.0,5.0,0.0,0.0,0.0,0.0,0.0,0.0,0.0,0.0,0.0,4.0,0.0,0.0,0.0,0.0,0.0,0.0,25.0,0.0,0.0,0.0,0.0,0.0,0.0,0.0,0.0,0.0,0.0,0.0,0.0,0.0,0.0,0.0,0.0,0.0
sample 34,0.0,188.0,377.0,0.0,341.0,50.0,85.0,16.0,6.0,196.0,0.0,58.0,0.0,0.0,15.0,11.0,3.0,0.0,3.0,0.0,0.0,0.0,0.0,27.0,0.0,0.0,0.0,0.0,0.0,0.0,0.0,0.0,0.0,82.0,0.0,0.0,0.0,0.0,0.0,0.0,4.0,0.0,4.0,0.0,3.0,0.0,0.0,0.0,0.0,0.0,0.0,0.0,0.0,0.0,0.0,0.0,5.0,0.0,0.0,0.0,0.0,0.0,0.0,0.0,0.0,0.0,0.0,2.0,0.0,0.0,0.0,0.0,0.0,0.0,0.0,0.0,0.0,0.0,0.0,0.0,0.0,0.0,0.0,0.0,0.0,0.0,0.0,0.0,0.0,0.0,0.0,0.0
sample 35,17.0,46.0,280.0,8.0,78.0,206.0,199.0,46.0,70.0,2107.0,0.0,26.0,0.0,4.0,3.0,6.0,10.0,0.0,0.0,0.0,0.0,0.0,0.0,8.0,0.0,62.0,0.0,0.0,0.0,0.0,0.0,0.0,24.0,19.0,0.0,0.0,0.0,9.0,0.0,0.0,0.0,0.0,0.0,0.0,7.0,0.0,0.0,0.0,0.0,8.0,0.0,3.0,0.0,0.0,0.0,0.0,0.0,0.0,0.0,0.0,5.0,0.0,0.0,0.0,0.0,0.0,0.0,0.0,0.0,0.0,0.0,0.0,0.0,0.0,0.0,0.0,0.0,0.0,0.0,0.0,0.0,0.0,0.0,0.0,0.0,0.0,0.0,0.0,0.0,0.0,0.0,0.0
sample 36,14.0,81.0,505.0,17.0,337.0,280.0,205.0,140.0,205.0,2378.0,0.0,71.0,0.0,17.0,24.0,10.0,5.0,4.0,0.0,0.0,0.0,20.0,0.0,10.0,0.0,80.0,0.0,0.0,0.0,8.0,0.0,0.0,63.0,28.0,0.0,0.0,31.0,0.0,0.0,0.0,3.0,3.0,0.0,0.0,0.0,0.0,0.0,0.0,0.0,11.0,0.0,12.0,12.0,0.0,0.0,0.0,0.0,0.0,0.0,0.0,0.0,0.0,0.0,0.0,0.0,0.0,0.0,5.0,0.0,0.0,0.0,0.0,0.0,0.0,0.0,0.0,0.0,0.0,0.0,0.0,0.0,0.0,0.0,0.0,0.0,0.0,0.0,0.0,0.0,0.0,0.0,0.0
sample 37,6.0,363.0,392.0,0.0,254.0,157.0,0.0,2771.0,133.0,0.0,0.0,0.0,0.0,22.0,16.0,25.0,7.0,0.0,0.0,0.0,0.0,0.0,0.0,0.0,0.0,0.0,0.0,0.0,22.0,231.0,0.0,0.0,0.0,45.0,12.0,0.0,0.0,15.0,0.0,8.0,3.0,0.0,4.0,0.0,0.0,0.0,0.0,0.0,0.0,0.0,0.0,5.0,6.0,0.0,0.0,0.0,0.0,0.0,0.0,0.0,0.0,0.0,0.0,0.0,0.0,0.0,0.0,28.0,0.0,0.0,0.0,0.0,0.0,0.0,0.0,0.0,0.0,0.0,0.0,0.0,0.0,0.0,0.0,0.0,0.0,0.0,0.0,0.0,0.0,0.0,0.0,0.0
sample 38,9.0,600.0,477.0,0.0,3328.0,1322.0,0.0,2197.0,538.0,0.0,0.0,0.0,0.0,508.0,82.0,64.0,8.0,0.0,0.0,0.0,0.0,0.0,0.0,24.0,0.0,0.0,0.0,0.0,65.0,533.0,0.0,0.0,0.0,63.0,0.0,0.0,0.0,79.0,0.0,0.0,29.0,50.0,0.0,0.0,0.0,23.0,0.0,0.0,0.0,19.0,0.0,0.0,0.0,0.0,0.0,0.0,30.0,0.0,0.0,0.0,0.0,0.0,0.0,0.0,0.0,0.0,0.0,31.0,0.0,0.0,0.0,0.0,0.0,0.0,0.0,0.0,0.0,0.0,0.0,0.0,0.0,0.0,0.0,0.0,0.0,0.0,0.0,0.0,0.0,0.0,0.0,0.0
sample 39,15.0,4661.0,172.0,5.0,2836.0,0.0,54.0,69.0,26.0,0.0,0.0,0.0,0.0,18.0,5.0,43.0,2.0,0.0,0.0,0.0,0.0,0.0,0.0,0.0,0.0,32.0,0.0,0.0,59.0,29.0,0.0,0.0,0.0,13.0,3.0,0.0,0.0,0.0,0.0,11.0,0.0,0.0,28.0,0.0,0.0,0.0,15.0,0.0,0.0,0.0,0.0,2.0,0.0,0.0,0.0,0.0,0.0,0.0,0.0,0.0,0.0,0.0,0.0,0.0,0.0,0.0,0.0,4.0,0.0,0.0,0.0,0.0,0.0,11.0,0.0,0.0,0.0,0.0,0.0,0.0,0.0,0.0,0.0,0.0,0.0,0.0,0.0,0.0,0.0,0.0,0.0,0.0
sample 40,55.0,1219.0,72.0,18.0,604.0,15.0,0.0,28.0,0.0,0.0,0.0,0.0,0.0,51.0,0.0,24.0,12.0,0.0,0.0,0.0,0.0,0.0,0.0,0.0,0.0,20.0,0.0,0.0,46.0,0.0,0.0,13.0,24.0,0.0,37.0,0.0,0.0,0.0,0.0,0.0,0.0,0.0,19.0,0.0,0.0,0.0,14.0,0.0,0.0,0.0,0.0,0.0,0.0,0.0,0.0,0.0,0.0,6.0,0.0,0.0,0.0,12.0,0.0,0.0,0.0,16.0,0.0,0.0,0.0,0.0,0.0,0.0,0.0,0.0,0.0,0.0,0.0,0.0,0.0,0.0,0.0,0.0,0.0,0.0,0.0,0.0,0.0,0.0,0.0,0.0,0.0,0.0
sample 41,9.0,13.0,175.0,0.0,20.0,107.0,111.0,240.0,1574.0,0.0,0.0,15.0,0.0,4.0,0.0,13.0,11.0,0.0,0.0,0.0,0.0,0.0,0.0,0.0,0.0,0.0,0.0,0.0,0.0,8.0,0.0,0.0,0.0,0.0,0.0,0.0,0.0,0.0,0.0,0.0,0.0,0.0,0.0,0.0,0.0,0.0,0.0,0.0,0.0,0.0,0.0,0.0,4.0,0.0,0.0,0.0,0.0,0.0,0.0,0.0,0.0,0.0,0.0,0.0,0.0,0.0,0.0,0.0,0.0,0.0,0.0,0.0,0.0,0.0,0.0,0.0,0.0,0.0,0.0,0.0,0.0,0.0,0.0,0.0,0.0,0.0,0.0,0.0,0.0,0.0,0.0,0.0
sample 42,2.0,5.0,26.0,0.0,0.0,8.0,62.0,40.0,2160.0,3.0,0.0,17.0,0.0,0.0,0.0,8.0,7.0,4.0,0.0,0.0,0.0,0.0,0.0,0.0,0.0,0.0,0.0,0.0,0.0,25.0,0.0,0.0,0.0,6.0,0.0,0.0,0.0,0.0,0.0,0.0,0.0,0.0,0.0,0.0,0.0,0.0,0.0,0.0,0.0,0.0,0.0,0.0,0.0,0.0,0.0,0.0,0.0,0.0,0.0,0.0,0.0,0.0,0.0,0.0,0.0,0.0,0.0,0.0,0.0,0.0,0.0,0.0,0.0,0.0,0.0,0.0,0.0,0.0,0.0,0.0,0.0,0.0,0.0,0.0,0.0,0.0,0.0,0.0,0.0,0.0,0.0,0.0
sample 43,6.0,30.0,377.0,0.0,18.0,570.0,380.0,728.0,4576.0,0.0,0.0,66.0,0.0,10.0,0.0,16.0,9.0,0.0,0.0,0.0,0.0,32.0,0.0,18.0,0.0,0.0,0.0,0.0,0.0,37.0,0.0,15.0,0.0,9.0,0.0,3.0,0.0,0.0,0.0,0.0,0.0,0.0,0.0,0.0,12.0,0.0,0.0,0.0,0.0,0.0,0.0,19.0,10.0,0.0,0.0,0.0,0.0,0.0,0.0,0.0,0.0,0.0,0.0,0.0,0.0,0.0,0.0,0.0,0.0,0.0,0.0,0.0,0.0,0.0,0.0,0.0,0.0,0.0,0.0,0.0,0.0,0.0,0.0,0.0,0.0,0.0,0.0,0.0,0.0,0.0,0.0,2.0
sample 44,374.0,3007.0,248.0,7.0,932.0,24.0,94.0,220.0,52.0,886.0,0.0,81.0,0.0,12.0,51.0,61.0,77.0,0.0,0.0,0.0,0.0,239.0,0.0,147.0,0.0,8.0,0.0,0.0,48.0,0.0,119.0,0.0,0.0,58.0,34.0,0.0,0.0,0.0,10.0,7.0,0.0,0.0,878.0,0.0,0.0,101.0,0.0,7.0,0.0,0.0,0.0,50.0,0.0,0.0,0.0,10.0,0.0,116.0,2.0,0.0,0.0,59.0,0.0,0.0,0.0,9.0,0.0,0.0,0.0,0.0,0.0,0.0,0.0,20.0,0.0,13.0,6.0,22.0,0.0,0.0,0.0,0.0,0.0,0.0,0.0,3.0,0.0,0.0,0.0,6.0,0.0,5.0
sample 45,871.0,943.0,218.0,153.0,901.0,53.0,35.0,166.0,2.0,1491.0,7.0,176.0,2.0,50.0,278.0,29.0,36.0,0.0,0.0,0.0,0.0,58.0,9.0,228.0,0.0,0.0,0.0,0.0,814.0,8.0,425.0,16.0,0.0,56.0,107.0,7.0,9.0,55.0,0.0,18.0,0.0,0.0,204.0,0.0,0.0,11.0,0.0,15.0,0.0,0.0,0.0,31.0,6.0,0.0,0.0,17.0,0.0,302.0,12.0,0.0,0.0,4.0,0.0,0.0,0.0,3.0,0.0,0.0,0.0,0.0,0.0,0.0,0.0,0.0,0.0,0.0,0.0,37.0,0.0,0.0,0.0,0.0,0.0,0.0,0.0,0.0,0.0,0.0,0.0,0.0,0.0,0.0
sample 46,101.0,848.0,69.0,27.0,44.0,37.0,47.0,55.0,3.0,243.0,0.0,13.0,9.0,29.0,53.0,13.0,0.0,0.0,32.0,0.0,0.0,16.0,0.0,0.0,0.0,0.0,0.0,0.0,9.0,0.0,21.0,0.0,0.0,6.0,14.0,20.0,11.0,0.0,0.0,0.0,0.0,0.0,14.0,0.0,0.0,0.0,0.0,11.0,3.0,0.0,0.0,0.0,2.0,0.0,0.0,0.0,0.0,0.0,0.0,0.0,0.0,23.0,0.0,0.0,0.0,0.0,0.0,0.0,0.0,0.0,0.0,0.0,0.0,0.0,0.0,0.0,0.0,0.0,0.0,0.0,0.0,0.0,0.0,0.0,0.0,0.0,0.0,0.0,0.0,2.0,0.0,0.0
sample 47,16.0,1812.0,326.0,0.0,59.0,410.0,0.0,2356.0,100.0,49.0,0.0,35.0,0.0,126.0,185.0,33.0,0.0,0.0,0.0,0.0,0.0,0.0,0.0,186.0,0.0,0.0,0.0,0.0,41.0,215.0,0.0,45.0,0.0,50.0,0.0,0.0,0.0,225.0,0.0,10.0,13.0,0.0,321.0,0.0,0.0,16.0,0.0,0.0,0.0,308.0,40.0,0.0,0.0,0.0,0.0,0.0,13.0,90.0,0.0,0.0,0.0,0.0,0.0,0.0,287.0,20.0,0.0,17.0,0.0,0.0,0.0,0.0,0.0,0.0,0.0,0.0,0.0,0.0,0.0,0.0,0.0,0.0,0.0,0.0,0.0,2.0,0.0,0.0,0.0,0.0,0.0,0.0
sample 48,133.0,823.0,9704.0,10.0,237.0,11.0,1026.0,119.0,10.0,45.0,0.0,38.0,0.0,0.0,0.0,490.0,10.0,6063.0,0.0,0.0,0.0,0.0,0.0,118.0,0.0,0.0,0.0,0.0,271.0,76.0,0.0,0.0,0.0,0.0,0.0,0.0,0.0,0.0,0.0,0.0,0.0,0.0,4.0,0.0,0.0,0.0,0.0,0.0,0.0,0.0,0.0,0.0,0.0,0.0,0.0,0.0,0.0,48.0,0.0,0.0,0.0,0.0,0.0,0.0,0.0,0.0,0.0,84.0,0.0,0.0,0.0,0.0,0.0,0.0,0.0,0.0,0.0,16.0,8.0,44.0,0.0,0.0,0.0,0.0,0.0,8.0,0.0,0.0,0.0,0.0,0.0,0.0
sample 49,26.0,58.0,2100.0,0.0,109.0,0.0,0.0,941.0,1058.0,19.0,0.0,237.0,0.0,0.0,0.0,28.0,20.0,0.0,0.0,0.0,0.0,0.0,0.0,19.0,0.0,0.0,0.0,0.0,27.0,84.0,0.0,0.0,0.0,30.0,0.0,0.0,269.0,0.0,0.0,0.0,0.0,0.0,0.0,0.0,0.0,0.0,0.0,0.0,0.0,0.0,0.0,0.0,0.0,0.0,0.0,0.0,0.0,8.0,0.0,0.0,0.0,0.0,0.0,0.0,0.0,0.0,0.0,75.0,0.0,0.0,0.0,0.0,0.0,0.0,0.0,0.0,0.0,0.0,0.0,57.0,0.0,12.0,0.0,0.0,0.0,0.0,0.0,0.0,0.0,0.0,0.0,0.0
sample 50,288.0,98.0,246.0,27.0,11.0,4.0,79.0,16.0,4.0,21.0,0.0,82.0,0.0,4.0,3.0,11.0,0.0,0.0,0.0,0.0,0.0,0.0,0.0,7.0,0.0,5.0,0.0,0.0,16.0,0.0,0.0,0.0,0.0,5.0,0.0,0.0,0.0,0.0,0.0,0.0,0.0,0.0,0.0,0.0,59.0,0.0,0.0,0.0,0.0,0.0,0.0,0.0,0.0,0.0,0.0,0.0,0.0,0.0,0.0,0.0,0.0,0.0,0.0,0.0,0.0,0.0,0.0,2.0,0.0,0.0,0.0,0.0,0.0,0.0,0.0,0.0,0.0,0.0,0.0,0.0,0.0,0.0,0.0,0.0,0.0,0.0,0.0,0.0,0.0,0.0,0.0,0.0
sample 51,0.0,1818.0,176.0,0.0,0.0,206.0,0.0,238.0,0.0,0.0,0.0,0.0,0.0,336.0,59.0,22.0,24.0,0.0,0.0,0.0,0.0,0.0,0.0,137.0,0.0,0.0,0.0,0.0,4.0,145.0,0.0,0.0,0.0,17.0,0.0,0.0,0.0,0.0,0.0,0.0,0.0,20.0,188.0,0.0,0.0,0.0,7.0,0.0,0.0,225.0,34.0,0.0,0.0,0.0,0.0,0.0,0.0,51.0,7.0,0.0,0.0,13.0,0.0,0.0,0.0,6.0,0.0,6.0,0.0,0.0,0.0,0.0,0.0,0.0,29.0,0.0,0.0,0.0,0.0,0.0,0.0,0.0,9.0,0.0,0.0,0.0,0.0,0.0,0.0,0.0,0.0,0.0
sample 52,16.0,89.0,48.0,0.0,124.0,2301.0,60.0,86.0,11.0,0.0,0.0,12.0,0.0,9.0,35.0,9.0,3.0,2.0,21.0,0.0,0.0,0.0,0.0,0.0,0.0,26.0,0.0,0.0,0.0,0.0,0.0,0.0,27.0,0.0,0.0,0.0,0.0,0.0,0.0,0.0,0.0,0.0,5.0,0.0,0.0,0.0,0.0,0.0,0.0,0.0,0.0,3.0,0.0,0.0,0.0,0.0,0.0,5.0,0.0,0.0,0.0,0.0,0.0,0.0,0.0,0.0,0.0,0.0,0.0,0.0,0.0,0.0,0.0,0.0,0.0,0.0,0.0,0.0,0.0,0.0,0.0,0.0,0.0,0.0,0.0,0.0,0.0,0.0,0.0,0.0,0.0,0.0
sample 53,6.0,1809.0,494.0,0.0,678.0,1002.0,15.0,1621.0,74.0,0.0,0.0,70.0,0.0,65.0,392.0,17.0,15.0,0.0,0.0,0.0,0.0,7.0,0.0,102.0,0.0,0.0,0.0,0.0,0.0,79.0,0.0,29.0,0.0,8.0,0.0,119.0,0.0,64.0,0.0,0.0,8.0,10.0,223.0,0.0,0.0,0.0,0.0,0.0,5.0,210.0,7.0,0.0,27.0,106.0,4.0,0.0,0.0,21.0,0.0,0.0,0.0,60.0,0.0,0.0,0.0,43.0,0.0,0.0,0.0,0.0,0.0,0.0,0.0,0.0,13.0,0.0,0.0,0.0,0.0,0.0,0.0,0.0,10.0,0.0,0.0,0.0,0.0,0.0,0.0,0.0,0.0,0.0
sample 54,266.0,1350.0,237.0,0.0,900.0,123.0,410.0,1143.0,657.0,2.0,0.0,171.0,0.0,35.0,168.0,70.0,0.0,0.0,271.0,0.0,0.0,42.0,0.0,83.0,0.0,171.0,0.0,0.0,0.0,6.0,18.0,67.0,238.0,30.0,136.0,0.0,0.0,0.0,0.0,37.0,0.0,0.0,68.0,0.0,0.0,0.0,0.0,0.0,14.0,0.0,4.0,64.0,0.0,0.0,0.0,43.0,0.0,39.0,0.0,0.0,0.0,0.0,0.0,0.0,0.0,0.0,0.0,0.0,0.0,0.0,0.0,0.0,0.0,0.0,0.0,0.0,9.0,0.0,0.0,0.0,0.0,0.0,0.0,0.0,0.0,0.0,0.0,0.0,0.0,0.0,0.0,0.0
sample 55,28.0,3737.0,3500.0,10.0,397.0,75.0,2319.0,1088.0,1036.0,7.0,0.0,813.0,0.0,699.0,113.0,73.0,0.0,57.0,0.0,0.0,0.0,154.0,0.0,69.0,0.0,0.0,0.0,0.0,33.0,63.0,49.0,50.0,35.0,151.0,437.0,0.0,0.0,6.0,0.0,35.0,4.0,13.0,5.0,232.0,0.0,0.0,64.0,2.0,0.0,0.0,0.0,30.0,394.0,0.0,0.0,14.0,0.0,14.0,0.0,0.0,0.0,0.0,0.0,0.0,3.0,0.0,0.0,0.0,0.0,0.0,0.0,0.0,0.0,0.0,0.0,0.0,0.0,12.0,0.0,0.0,5.0,2.0,0.0,13.0,0.0,6.0,0.0,0.0,0.0,0.0,0.0,0.0
sample 56,5.0,595.0,204.0,0.0,227.0,970.0,390.0,796.0,64.0,0.0,0.0,133.0,0.0,241.0,20.0,28.0,4.0,0.0,171.0,0.0,0.0,15.0,24.0,14.0,0.0,0.0,0.0,0.0,0.0,0.0,0.0,0.0,3.0,32.0,0.0,0.0,0.0,0.0,0.0,8.0,0.0,10.0,0.0,29.0,0.0,0.0,0.0,3.0,0.0,0.0,11.0,11.0,67.0,0.0,0.0,10.0,0.0,0.0,0.0,0.0,0.0,0.0,0.0,0.0,0.0,0.0,0.0,0.0,0.0,0.0,0.0,0.0,0.0,23.0,0.0,0.0,0.0,0.0,0.0,0.0,0.0,0.0,0.0,0.0,0.0,0.0,0.0,0.0,0.0,0.0,0.0,0.0
sample 57,7.0,2548.0,1169.0,0.0,1961.0,537.0,632.0,795.0,284.0,0.0,0.0,41.0,0.0,30.0,39.0,31.0,20.0,4.0,84.0,0.0,0.0,21.0,105.0,20.0,0.0,19.0,0.0,0.0,0.0,8.0,0.0,15.0,0.0,14.0,16.0,11.0,0.0,5.0,0.0,28.0,0.0,0.0,0.0,12.0,7.0,0.0,0.0,19.0,0.0,0.0,0.0,12.0,684.0,0.0,0.0,140.0,0.0,0.0,0.0,0.0,0.0,0.0,0.0,0.0,0.0,0.0,0.0,5.0,0.0,0.0,0.0,0.0,10.0,24.0,0.0,0.0,3.0,0.0,0.0,0.0,0.0,0.0,0.0,0.0,0.0,5.0,0.0,0.0,0.0,0.0,0.0,0.0
sample 58,7.0,4588.0,3003.0,27.0,9.0,39.0,200.0,4042.0,2923.0,2.0,0.0,193.0,22.0,248.0,188.0,576.0,64.0,0.0,0.0,0.0,0.0,59.0,32.0,85.0,0.0,24.0,4.0,0.0,18.0,459.0,172.0,67.0,0.0,0.0,0.0,65.0,0.0,0.0,0.0,12.0,0.0,0.0,8.0,0.0,0.0,182.0,0.0,46.0,0.0,0.0,15.0,62.0,0.0,0.0,0.0,0.0,0.0,108.0,0.0,176.0,0.0,0.0,0.0,0.0,0.0,0.0,0.0,336.0,13.0,0.0,0.0,0.0,9.0,0.0,0.0,0.0,0.0,0.0,0.0,0.0,0.0,0.0,0.0,0.0,0.0,0.0,35.0,0.0,0.0,0.0,0.0,0.0
sample 59,10.0,1634.0,2537.0,20.0,8.0,8.0,146.0,1859.0,585.0,0.0,0.0,26.0,29.0,204.0,188.0,746.0,191.0,0.0,0.0,0.0,0.0,198.0,0.0,0.0,0.0,0.0,0.0,0.0,12.0,63.0,110.0,124.0,0.0,258.0,0.0,0.0,0.0,0.0,0.0,36.0,0.0,0.0,2.0,101.0,0.0,41.0,0.0,50.0,0.0,0.0,0.0,150.0,0.0,0.0,6.0,0.0,0.0,46.0,0.0,0.0,43.0,0.0,0.0,0.0,0.0,0.0,0.0,15.0,0.0,0.0,0.0,0.0,0.0,0.0,0.0,0.0,0.0,30.0,0.0,46.0,0.0,0.0,0.0,0.0,0.0,0.0,13.0,0.0,0.0,0.0,0.0,0.0
sample 60,6.0,121.0,488.0,5.0,4364.0,0.0,77.0,276.0,9.0,0.0,0.0,4.0,0.0,22.0,34.0,32.0,27.0,0.0,0.0,0.0,0.0,0.0,0.0,0.0,0.0,0.0,0.0,0.0,6.0,141.0,0.0,7.0,0.0,16.0,0.0,0.0,0.0,0.0,0.0,0.0,0.0,0.0,0.0,7.0,0.0,0.0,0.0,0.0,0.0,0.0,0.0,7.0,0.0,0.0,0.0,0.0,7.0,0.0,0.0,0.0,7.0,0.0,0.0,0.0,0.0,0.0,0.0,0.0,0.0,0.0,0.0,0.0,0.0,0.0,0.0,0.0,0.0,5.0,0.0,0.0,0.0,0.0,0.0,0.0,0.0,0.0,0.0,0.0,0.0,0.0,0.0,0.0
sample 61,4.0,56.0,174.0,4.0,65.0,157.0,1129.0,1278.0,2364.0,0.0,0.0,183.0,0.0,417.0,421.0,13.0,17.0,922.0,0.0,0.0,0.0,48.0,0.0,290.0,0.0,0.0,0.0,0.0,116.0,11.0,327.0,155.0,0.0,17.0,0.0,119.0,5.0,163.0,0.0,0.0,0.0,10.0,0.0,0.0,8.0,23.0,0.0,0.0,0.0,0.0,0.0,26.0,6.0,0.0,12.0,0.0,0.0,238.0,0.0,0.0,0.0,0.0,0.0,0.0,0.0,5.0,0.0,0.0,0.0,0.0,0.0,0.0,0.0,0.0,0.0,0.0,0.0,0.0,0.0,0.0,0.0,6.0,0.0,0.0,0.0,0.0,0.0,0.0,0.0,0.0,0.0,0.0
sample 62,7.0,0.0,740.0,0.0,18.0,3356.0,1156.0,749.0,880.0,0.0,0.0,214.0,0.0,6.0,23.0,49.0,52.0,0.0,0.0,0.0,0.0,93.0,0.0,91.0,0.0,0.0,0.0,0.0,0.0,47.0,56.0,0.0,0.0,0.0,0.0,0.0,0.0,106.0,0.0,0.0,0.0,0.0,0.0,0.0,35.0,14.0,0.0,0.0,0.0,0.0,0.0,33.0,0.0,0.0,0.0,0.0,0.0,52.0,0.0,0.0,0.0,0.0,0.0,0.0,0.0,0.0,0.0,0.0,0.0,0.0,0.0,0.0,0.0,0.0,0.0,0.0,0.0,0.0,0.0,3.0,0.0,8.0,0.0,0.0,0.0,0.0,0.0,0.0,0.0,0.0,0.0,7.0
sample 63,0.0,64.0,379.0,5.0,2337.0,508.0,71.0,49.0,29.0,9.0,0.0,0.0,0.0,34.0,0.0,17.0,25.0,0.0,0.0,11.0,0.0,7.0,0.0,0.0,0.0,0.0,0.0,0.0,6.0,35.0,0.0,108.0,17.0,4.0,0.0,0.0,172.0,0.0,0.0,4.0,0.0,0.0,0.0,36.0,0.0,0.0,0.0,8.0,0.0,0.0,0.0,0.0,0.0,0.0,0.0,0.0,0.0,2.0,0.0,0.0,0.0,0.0,0.0,0.0,0.0,0.0,0.0,0.0,0.0,0.0,0.0,0.0,0.0,0.0,0.0,9.0,0.0,0.0,7.0,0.0,0.0,0.0,0.0,0.0,0.0,0.0,0.0,0.0,0.0,0.0,0.0,0.0
sample 64,3.0,3.0,394.0,7.0,418.0,2291.0,332.0,51.0,21.0,0.0,0.0,58.0,7.0,45.0,16.0,216.0,3.0,0.0,0.0,0.0,0.0,14.0,0.0,8.0,0.0,0.0,0.0,0.0,6.0,18.0,0.0,47.0,0.0,0.0,0.0,0.0,634.0,0.0,0.0,15.0,0.0,0.0,0.0,24.0,0.0,0.0,0.0,7.0,0.0,0.0,0.0,9.0,0.0,0.0,3.0,14.0,0.0,0.0,0.0,0.0,0.0,0.0,0.0,0.0,0.0,0.0,0.0,0.0,0.0,0.0,0.0,0.0,0.0,0.0,0.0,0.0,0.0,0.0,0.0,0.0,0.0,0.0,0.0,0.0,0.0,0.0,11.0,0.0,0.0,0.0,0.0,0.0
sample 65,0.0,0.0,975.0,0.0,278.0,39.0,325.0,333.0,20.0,7.0,0.0,96.0,38.0,46.0,0.0,302.0,31.0,0.0,0.0,0.0,0.0,28.0,0.0,3.0,0.0,25.0,0.0,0.0,6.0,0.0,0.0,115.0,0.0,6.0,0.0,5.0,282.0,0.0,0.0,21.0,0.0,16.0,0.0,41.0,0.0,0.0,0.0,22.0,0.0,0.0,0.0,14.0,0.0,0.0,0.0,39.0,0.0,0.0,0.0,0.0,0.0,0.0,0.0,0.0,0.0,0.0,0.0,0.0,0.0,0.0,0.0,0.0,0.0,0.0,0.0,0.0,0.0,0.0,0.0,0.0,0.0,0.0,0.0,0.0,0.0,0.0,30.0,0.0,0.0,0.0,0.0,0.0
sample 66,5.0,174.0,331.0,0.0,10.0,2191.0,601.0,1244.0,31.0,52.0,14.0,150.0,878.0,135.0,72.0,11.0,23.0,0.0,0.0,0.0,0.0,0.0,0.0,14.0,0.0,26.0,0.0,0.0,0.0,5.0,18.0,85.0,40.0,12.0,0.0,22.0,0.0,0.0,0.0,0.0,0.0,0.0,0.0,63.0,0.0,0.0,0.0,22.0,45.0,0.0,0.0,0.0,7.0,0.0,0.0,0.0,13.0,0.0,0.0,0.0,0.0,0.0,0.0,0.0,0.0,0.0,0.0,0.0,0.0,0.0,0.0,0.0,0.0,0.0,0.0,0.0,0.0,0.0,0.0,0.0,0.0,2.0,0.0,5.0,0.0,0.0,0.0,0.0,0.0,0.0,0.0,0.0
sample 67,616.0,221.0,21.0,3.0,12422.0,27.0,52.0,84.0,0.0,14.0,0.0,0.0,0.0,50.0,124.0,2.0,217.0,0.0,0.0,0.0,0.0,213.0,0.0,101.0,0.0,0.0,0.0,0.0,144.0,134.0,0.0,0.0,0.0,0.0,19.0,0.0,0.0,0.0,0.0,16.0,0.0,0.0,18.0,0.0,0.0,11.0,0.0,0.0,0.0,0.0,0.0,0.0,0.0,0.0,0.0,0.0,0.0,9.0,0.0,0.0,0.0,0.0,0.0,0.0,0.0,0.0,0.0,20.0,0.0,0.0,0.0,0.0,0.0,14.0,14.0,0.0,0.0,6.0,0.0,0.0,0.0,0.0,0.0,0.0,0.0,0.0,0.0,2.0,0.0,0.0,0.0,0.0
sample 68,23.0,4270.0,358.0,5.0,0.0,1433.0,321.0,3162.0,462.0,71.0,0.0,65.0,157.0,183.0,124.0,70.0,51.0,0.0,0.0,36.0,0.0,48.0,0.0,61.0,0.0,19.0,0.0,0.0,17.0,17.0,45.0,83.0,0.0,0.0,132.0,44.0,0.0,0.0,41.0,0.0,4.0,0.0,72.0,43.0,0.0,4.0,0.0,56.0,38.0,0.0,6.0,62.0,0.0,0.0,0.0,0.0,22.0,33.0,0.0,0.0,0.0,0.0,0.0,0.0,0.0,3.0,0.0,0.0,7.0,0.0,0.0,0.0,0.0,9.0,0.0,0.0,0.0,0.0,2.0,0.0,0.0,0.0,19.0,0.0,0.0,0.0,0.0,0.0,0.0,0.0,0.0,0.0
sample 69,7.0,476.0,279.0,6.0,0.0,387.0,767.0,1329.0,13.0,24.0,0.0,165.0,1125.0,95.0,97.0,8.0,53.0,0.0,0.0,16.0,0.0,39.0,0.0,61.0,0.0,76.0,0.0,0.0,3.0,3.0,0.0,55.0,102.0,5.0,0.0,26.0,0.0,0.0,38.0,16.0,0.0,28.0,0.0,62.0,0.0,22.0,0.0,36.0,24.0,0.0,0.0,5.0,35.0,0.0,0.0,0.0,0.0,0.0,0.0,0.0,0.0,0.0,0.0,0.0,0.0,0.0,0.0,0.0,0.0,0.0,0.0,0.0,0.0,0.0,0.0,0.0,0.0,0.0,0.0,0.0,0.0,0.0,0.0,0.0,0.0,0.0,0.0,0.0,0.0,0.0,0.0,0.0
sample 70,5.0,2751.0,330.0,2.0,4.0,27.0,109.0,637.0,5.0,49.0,0.0,48.0,15.0,45.0,39.0,116.0,29.0,0.0,0.0,0.0,0.0,15.0,0.0,0.0,0.0,0.0,0.0,0.0,67.0,12.0,15.0,13.0,0.0,0.0,42.0,0.0,0.0,0.0,0.0,16.0,0.0,0.0,131.0,3.0,0.0,0.0,0.0,22.0,33.0,22.0,0.0,51.0,0.0,0.0,0.0,0.0,0.0,0.0,0.0,0.0,0.0,43.0,0.0,0.0,0.0,0.0,0.0,9.0,0.0,0.0,0.0,0.0,0.0,0.0,0.0,0.0,0.0,0.0,2.0,0.0,0.0,0.0,11.0,0.0,0.0,0.0,14.0,0.0,0.0,0.0,0.0,0.0
sample 71,0.0,158.0,377.0,0.0,0.0,29.0,70.0,187.0,2.0,320.0,0.0,129.0,1466.0,0.0,38.0,14.0,14.0,0.0,0.0,92.0,0.0,14.0,0.0,28.0,0.0,27.0,0.0,0.0,0.0,5.0,0.0,117.0,86.0,7.0,0.0,0.0,0.0,0.0,0.0,21.0,0.0,0.0,0.0,0.0,0.0,0.0,0.0,14.0,0.0,29.0,0.0,18.0,0.0,0.0,0.0,0.0,0.0,0.0,0.0,0.0,0.0,0.0,0.0,0.0,0.0,0.0,0.0,0.0,0.0,0.0,0.0,0.0,0.0,3.0,0.0,0.0,5.0,0.0,0.0,0.0,0.0,0.0,6.0,0.0,0.0,0.0,0.0,0.0,0.0,0.0,0.0,0.0
sample 72,38.0,55.0,186.0,13.0,4.0,425.0,76.0,1529.0,352.0,195.0,62.0,161.0,987.0,66.0,0.0,12.0,10.0,0.0,0.0,113.0,0.0,0.0,5.0,35.0,0.0,23.0,0.0,0.0,5.0,0.0,0.0,111.0,42.0,13.0,0.0,19.0,0.0,0.0,0.0,15.0,0.0,0.0,0.0,0.0,0.0,0.0,0.0,21.0,0.0,38.0,0.0,0.0,0.0,0.0,0.0,0.0,0.0,0.0,0.0,0.0,0.0,0.0,0.0,0.0,0.0,0.0,0.0,0.0,0.0,0.0,0.0,0.0,0.0,0.0,0.0,0.0,4.0,0.0,0.0,0.0,0.0,0.0,0.0,0.0,0.0,0.0,0.0,0.0,0.0,0.0,0.0,0.0
sample 73,2436.0,111.0,176.0,0.0,0.0,11.0,80.0,531.0,0.0,130.0,50.0,102.0,805.0,82.0,28.0,0.0,17.0,0.0,0.0,65.0,0.0,24.0,0.0,36.0,0.0,26.0,0.0,0.0,7.0,0.0,21.0,97.0,0.0,0.0,3.0,8.0,0.0,0.0,0.0,19.0,0.0,0.0,0.0,0.0,0.0,0.0,0.0,22.0,2.0,51.0,0.0,0.0,0.0,0.0,0.0,0.0,0.0,0.0,0.0,0.0,0.0,0.0,0.0,0.0,0.0,0.0,0.0,0.0,0.0,0.0,0.0,0.0,3.0,0.0,0.0,0.0,0.0,0.0,0.0,0.0,0.0,0.0,0.0,0.0,0.0,0.0,0.0,0.0,0.0,0.0,0.0,0.0
sample 74,13.0,1191.0,230.0,5.0,54.0,7.0,110.0,423.0,1209.0,2284.0,0.0,44.0,310.0,39.0,71.0,26.0,0.0,0.0,0.0,0.0,0.0,115.0,0.0,35.0,0.0,0.0,0.0,0.0,0.0,0.0,13.0,50.0,0.0,13.0,0.0,0.0,0.0,0.0,0.0,18.0,0.0,0.0,78.0,0.0,0.0,0.0,0.0,6.0,0.0,31.0,0.0,0.0,0.0,0.0,15.0,0.0,0.0,10.0,0.0,0.0,0.0,19.0,0.0,0.0,0.0,0.0,0.0,0.0,3.0,0.0,0.0,0.0,3.0,0.0,0.0,0.0,2.0,0.0,6.0,0.0,0.0,2.0,5.0,0.0,0.0,0.0,0.0,0.0,0.0,0.0,0.0,0.0
sample 75,34.0,1241.0,308.0,16.0,23.0,55.0,113.0,129.0,123.0,1917.0,0.0,81.0,840.0,9.0,57.0,4.0,31.0,6.0,0.0,0.0,0.0,43.0,0.0,90.0,0.0,0.0,0.0,0.0,6.0,0.0,31.0,94.0,0.0,0.0,0.0,0.0,0.0,0.0,0.0,12.0,0.0,0.0,95.0,0.0,0.0,0.0,0.0,4.0,3.0,22.0,0.0,0.0,5.0,0.0,5.0,0.0,0.0,0.0,0.0,0.0,0.0,22.0,0.0,0.0,0.0,0.0,0.0,0.0,0.0,0.0,0.0,0.0,0.0,9.0,0.0,0.0,8.0,0.0,0.0,0.0,0.0,10.0,0.0,0.0,0.0,0.0,0.0,0.0,0.0,0.0,0.0,0.0
sample 76,0.0,64.0,80.0,0.0,0.0,0.0,89.0,28.0,9.0,1673.0,0.0,31.0,297.0,0.0,16.0,7.0,10.0,0.0,0.0,0.0,0.0,0.0,0.0,0.0,0.0,0.0,0.0,0.0,0.0,3.0,0.0,9.0,0.0,19.0,0.0,0.0,0.0,0.0,0.0,0.0,0.0,0.0,16.0,0.0,0.0,0.0,0.0,0.0,3.0,0.0,0.0,0.0,0.0,0.0,0.0,0.0,0.0,0.0,0.0,0.0,2.0,0.0,0.0,0.0,0.0,0.0,0.0,0.0,0.0,0.0,0.0,0.0,0.0,0.0,0.0,0.0,4.0,0.0,0.0,0.0,0.0,0.0,0.0,0.0,0.0,0.0,0.0,0.0,0.0,0.0,0.0,0.0
sample 77,4.0,169.0,2973.0,2.0,796.0,0.0,624.0,0.0,246.0,178.0,0.0,318.0,435.0,0.0,0.0,348.0,62.0,0.0,0.0,0.0,0.0,0.0,0.0,7.0,5.0,38.0,0.0,0.0,4.0,0.0,29.0,20.0,0.0,15.0,50.0,0.0,0.0,0.0,235.0,0.0,0.0,0.0,0.0,0.0,0.0,0.0,5.0,0.0,19.0,0.0,7.0,0.0,0.0,0.0,0.0,0.0,0.0,0.0,0.0,0.0,31.0,12.0,0.0,0.0,0.0,0.0,0.0,0.0,0.0,0.0,0.0,0.0,0.0,0.0,0.0,0.0,17.0,0.0,0.0,66.0,0.0,10.0,0.0,0.0,0.0,7.0,0.0,0.0,0.0,0.0,0.0,0.0
sample 78,13.0,475.0,2963.0,4.0,37.0,0.0,487.0,21.0,20.0,85.0,0.0,211.0,1140.0,0.0,9.0,284.0,144.0,0.0,0.0,0.0,0.0,0.0,0.0,0.0,13.0,16.0,0.0,0.0,15.0,13.0,16.0,42.0,0.0,6.0,0.0,0.0,0.0,0.0,28.0,0.0,0.0,0.0,0.0,0.0,0.0,0.0,0.0,0.0,20.0,0.0,0.0,0.0,0.0,0.0,0.0,0.0,0.0,4.0,0.0,0.0,26.0,0.0,0.0,0.0,0.0,0.0,0.0,0.0,0.0,0.0,0.0,6.0,0.0,0.0,0.0,0.0,36.0,0.0,0.0,0.0,0.0,0.0,0.0,0.0,0.0,4.0,0.0,0.0,0.0,0.0,0.0,0.0
sample 79,0.0,1015.0,1402.0,8.0,316.0,0.0,442.0,6.0,0.0,169.0,0.0,254.0,938.0,0.0,0.0,335.0,120.0,0.0,0.0,0.0,0.0,0.0,0.0,11.0,0.0,0.0,0.0,0.0,0.0,3.0,15.0,17.0,0.0,6.0,0.0,0.0,0.0,0.0,5.0,0.0,0.0,0.0,0.0,0.0,11.0,0.0,0.0,3.0,47.0,0.0,0.0,0.0,0.0,0.0,0.0,0.0,0.0,5.0,0.0,0.0,55.0,0.0,0.0,0.0,0.0,0.0,0.0,0.0,0.0,0.0,0.0,12.0,0.0,0.0,0.0,0.0,5.0,0.0,0.0,0.0,0.0,2.0,0.0,0.0,0.0,0.0,0.0,0.0,0.0,0.0,0.0,0.0
sample 80,11.0,2387.0,111.0,0.0,4258.0,58.0,40.0,150.0,0.0,0.0,0.0,10.0,0.0,548.0,366.0,10.0,87.0,0.0,0.0,0.0,0.0,484.0,0.0,132.0,0.0,0.0,0.0,0.0,53.0,6.0,0.0,0.0,0.0,13.0,0.0,0.0,0.0,0.0,0.0,62.0,29.0,0.0,14.0,0.0,0.0,164.0,0.0,32.0,0.0,0.0,42.0,26.0,0.0,0.0,8.0,14.0,0.0,26.0,0.0,0.0,0.0,0.0,0.0,0.0,0.0,0.0,0.0,7.0,15.0,0.0,0.0,0.0,0.0,33.0,23.0,0.0,0.0,0.0,0.0,0.0,0.0,3.0,0.0,18.0,3.0,0.0,0.0,4.0,0.0,0.0,0.0,0.0
sample 81,0.0,1098.0,198.0,98.0,72.0,262.0,0.0,829.0,0.0,0.0,0.0,0.0,0.0,0.0,237.0,115.0,19.0,0.0,0.0,0.0,0.0,0.0,0.0,143.0,0.0,0.0,0.0,16.0,0.0,10.0,0.0,0.0,0.0,33.0,6.0,0.0,0.0,86.0,0.0,9.0,23.0,30.0,12.0,0.0,0.0,18.0,0.0,0.0,0.0,9.0,22.0,0.0,0.0,0.0,0.0,0.0,0.0,59.0,0.0,0.0,0.0,0.0,0.0,0.0,0.0,0.0,0.0,0.0,0.0,0.0,3.0,0.0,0.0,0.0,0.0,0.0,0.0,0.0,0.0,0.0,0.0,0.0,0.0,9.0,0.0,0.0,0.0,0.0,0.0,0.0,0.0,0.0
sample 82,2.0,1524.0,116.0,0.0,0.0,13.0,84.0,194.0,0.0,33.0,46.0,0.0,0.0,0.0,15.0,3.0,0.0,0.0,0.0,136.0,0.0,0.0,0.0,5.0,0.0,29.0,0.0,0.0,19.0,0.0,0.0,11.0,36.0,0.0,0.0,0.0,0.0,0.0,0.0,5.0,0.0,0.0,0.0,0.0,0.0,0.0,0.0,0.0,0.0,0.0,0.0,23.0,0.0,0.0,0.0,0.0,0.0,0.0,0.0,0.0,0.0,0.0,0.0,0.0,0.0,0.0,0.0,17.0,0.0,0.0,0.0,0.0,0.0,0.0,0.0,0.0,0.0,0.0,0.0,0.0,0.0,2.0,0.0,0.0,0.0,0.0,0.0,0.0,0.0,0.0,0.0,0.0
sample 83,0.0,1594.0,85.0,0.0,7.0,98.0,108.0,161.0,0.0,15.0,78.0,0.0,0.0,8.0,56.0,69.0,2.0,0.0,0.0,205.0,0.0,8.0,0.0,0.0,0.0,65.0,0.0,0.0,0.0,0.0,4.0,10.0,48.0,3.0,9.0,46.0,0.0,0.0,0.0,0.0,0.0,0.0,51.0,0.0,0.0,0.0,0.0,0.0,2.0,0.0,0.0,4.0,0.0,0.0,0.0,0.0,11.0,0.0,0.0,0.0,0.0,0.0,0.0,0.0,0.0,0.0,0.0,23.0,0.0,0.0,0.0,6.0,0.0,0.0,0.0,0.0,0.0,0.0,0.0,0.0,0.0,6.0,0.0,0.0,0.0,0.0,0.0,0.0,0.0,0.0,0.0,0.0
sample 84,4.0,2640.0,98.0,0.0,5.0,103.0,94.0,28.0,0.0,137.0,85.0,14.0,0.0,7.0,32.0,29.0,0.0,0.0,0.0,227.0,0.0,9.0,0.0,17.0,0.0,126.0,0.0,0.0,16.0,0.0,0.0,4.0,64.0,0.0,4.0,9.0,0.0,0.0,0.0,0.0,0.0,0.0,0.0,0.0,8.0,0.0,0.0,0.0,0.0,0.0,0.0,16.0,0.0,0.0,3.0,0.0,0.0,0.0,0.0,0.0,0.0,0.0,0.0,0.0,0.0,0.0,0.0,0.0,0.0,0.0,0.0,0.0,0.0,0.0,0.0,0.0,0.0,0.0,0.0,0.0,0.0,0.0,0.0,0.0,0.0,0.0,0.0,0.0,0.0,0.0,0.0,0.0
sample 85,3.0,479.0,257.0,0.0,23.0,30.0,183.0,152.0,8.0,1749.0,0.0,0.0,0.0,0.0,52.0,9.0,8.0,0.0,8.0,0.0,0.0,0.0,0.0,11.0,4.0,0.0,0.0,0.0,4.0,29.0,5.0,8.0,0.0,0.0,0.0,0.0,0.0,0.0,0.0,18.0,0.0,21.0,0.0,0.0,0.0,0.0,0.0,3.0,0.0,0.0,0.0,8.0,0.0,0.0,0.0,0.0,0.0,8.0,0.0,28.0,0.0,0.0,0.0,0.0,0.0,0.0,0.0,17.0,0.0,0.0,0.0,0.0,0.0,0.0,0.0,0.0,0.0,0.0,0.0,0.0,10.0,0.0,0.0,0.0,0.0,0.0,0.0,0.0,0.0,0.0,0.0,0.0
sample 86,0.0,178.0,112.0,0.0,0.0,20.0,68.0,98.0,0.0,2201.0,0.0,0.0,0.0,4.0,107.0,5.0,2.0,0.0,6.0,0.0,0.0,0.0,0.0,3.0,0.0,0.0,0.0,0.0,0.0,71.0,0.0,0.0,0.0,0.0,0.0,0.0,0.0,0.0,0.0,0.0,0.0,0.0,0.0,12.0,0.0,0.0,0.0,0.0,0.0,0.0,0.0,0.0,0.0,0.0,0.0,0.0,0.0,0.0,0.0,0.0,0.0,0.0,0.0,0.0,0.0,0.0,0.0,0.0,0.0,0.0,0.0,0.0,0.0,0.0,0.0,0.0,0.0,0.0,0.0,0.0,0.0,0.0,0.0,0.0,0.0,0.0,0.0,0.0,0.0,0.0,0.0,0.0
sample 87,38.0,6980.0,1458.0,31.0,88.0,151.0,0.0,1244.0,33.0,3.0,0.0,55.0,0.0,23.0,936.0,340.0,107.0,0.0,0.0,0.0,0.0,0.0,0.0,557.0,0.0,0.0,0.0,0.0,0.0,56.0,0.0,355.0,0.0,173.0,69.0,0.0,0.0,166.0,0.0,25.0,284.0,27.0,109.0,0.0,0.0,274.0,0.0,6.0,0.0,15.0,0.0,65.0,0.0,0.0,0.0,8.0,0.0,187.0,0.0,0.0,0.0,24.0,0.0,0.0,0.0,0.0,0.0,0.0,0.0,0.0,0.0,0.0,0.0,0.0,0.0,0.0,0.0,0.0,0.0,0.0,0.0,0.0,0.0,10.0,0.0,0.0,0.0,0.0,0.0,0.0,0.0,0.0
sample 88,5.0,170.0,136.0,4.0,0.0,2390.0,97.0,990.0,30.0,1642.0,0.0,0.0,0.0,17.0,35.0,6.0,9.0,0.0,13.0,0.0,0.0,2.0,0.0,0.0,10.0,0.0,0.0,0.0,0.0,45.0,0.0,5.0,0.0,0.0,5.0,17.0,0.0,0.0,0.0,20.0,0.0,0.0,0.0,0.0,0.0,0.0,0.0,0.0,0.0,0.0,0.0,0.0,0.0,0.0,0.0,0.0,0.0,0.0,0.0,0.0,0.0,0.0,0.0,0.0,0.0,0.0,7.0,5.0,6.0,3.0,0.0,0.0,0.0,0.0,0.0,0.0,0.0,0.0,0.0,0.0,0.0,0.0,0.0,0.0,0.0,0.0,0.0,0.0,0.0,0.0,0.0,0.0
sample 89,7912.0,64.0,32.0,2.0,0.0,47.0,53.0,441.0,0.0,974.0,0.0,21.0,0.0,7.0,21.0,0.0,10.0,0.0,0.0,19.0,0.0,0.0,0.0,34.0,0.0,0.0,0.0,0.0,0.0,0.0,0.0,5.0,0.0,0.0,6.0,0.0,0.0,0.0,0.0,6.0,14.0,0.0,0.0,0.0,0.0,0.0,0.0,0.0,0.0,0.0,0.0,0.0,0.0,0.0,0.0,0.0,0.0,0.0,0.0,0.0,0.0,0.0,0.0,0.0,0.0,3.0,0.0,0.0,0.0,0.0,0.0,0.0,0.0,0.0,3.0,0.0,0.0,0.0,0.0,0.0,0.0,0.0,0.0,0.0,0.0,0.0,0.0,0.0,0.0,0.0,0.0,0.0
sample 90,91.0,63.0,61.0,0.0,0.0,491.0,71.0,480.0,0.0,2093.0,0.0,27.0,13.0,0.0,61.0,9.0,6.0,0.0,0.0,37.0,0.0,53.0,0.0,25.0,0.0,0.0,0.0,0.0,0.0,0.0,15.0,14.0,0.0,0.0,36.0,26.0,0.0,0.0,0.0,0.0,0.0,0.0,0.0,12.0,0.0,0.0,0.0,0.0,9.0,0.0,0.0,8.0,0.0,0.0,0.0,0.0,0.0,18.0,0.0,0.0,0.0,0.0,0.0,0.0,0.0,0.0,0.0,0.0,0.0,0.0,0.0,0.0,0.0,0.0,0.0,0.0,0.0,0.0,0.0,0.0,0.0,0.0,0.0,10.0,0.0,14.0,0.0,0.0,0.0,0.0,0.0,0.0
sample 91,6.0,181.0,62.0,0.0,6.0,173.0,97.0,229.0,15.0,583.0,0.0,56.0,0.0,10.0,28.0,16.0,10.0,0.0,0.0,85.0,0.0,65.0,0.0,244.0,0.0,13.0,0.0,0.0,27.0,8.0,62.0,8.0,0.0,4.0,17.0,20.0,0.0,0.0,0.0,0.0,39.0,0.0,0.0,23.0,0.0,9.0,0.0,0.0,32.0,0.0,0.0,154.0,0.0,0.0,5.0,0.0,13.0,113.0,0.0,0.0,0.0,0.0,0.0,0.0,0.0,30.0,0.0,0.0,0.0,0.0,0.0,6.0,0.0,0.0,0.0,0.0,3.0,10.0,0.0,0.0,0.0,4.0,0.0,0.0,0.0,0.0,0.0,6.0,0.0,0.0,0.0,0.0
sample 92,37.0,1202.0,267.0,0.0,294.0,134.0,118.0,61.0,519.0,1094.0,0.0,113.0,0.0,63.0,163.0,10.0,23.0,0.0,0.0,0.0,0.0,57.0,0.0,30.0,0.0,58.0,0.0,0.0,26.0,21.0,0.0,22.0,55.0,59.0,30.0,137.0,0.0,0.0,0.0,10.0,0.0,13.0,0.0,0.0,0.0,0.0,0.0,0.0,28.0,13.0,0.0,41.0,0.0,0.0,0.0,0.0,0.0,0.0,0.0,0.0,0.0,0.0,0.0,0.0,2.0,12.0,24.0,0.0,0.0,0.0,0.0,0.0,0.0,0.0,0.0,0.0,0.0,0.0,0.0,0.0,0.0,15.0,0.0,0.0,0.0,0.0,0.0,0.0,0.0,0.0,0.0,0.0
sample 93,6.0,1256.0,471.0,6.0,15.0,59.0,385.0,160.0,6.0,654.0,0.0,171.0,0.0,452.0,166.0,9.0,63.0,0.0,0.0,0.0,0.0,67.0,0.0,64.0,0.0,119.0,0.0,0.0,56.0,0.0,28.0,0.0,114.0,42.0,100.0,213.0,0.0,9.0,0.0,0.0,4.0,0.0,0.0,0.0,0.0,7.0,0.0,12.0,38.0,45.0,0.0,0.0,0.0,0.0,6.0,0.0,13.0,31.0,0.0,0.0,0.0,0.0,0.0,0.0,20.0,0.0,0.0,26.0,0.0,0.0,0.0,0.0,0.0,0.0,0.0,0.0,0.0,0.0,5.0,0.0,0.0,4.0,0.0,6.0,0.0,0.0,0.0,0.0,0.0,0.0,0.0,0.0
sample 94,10.0,2463.0,536.0,0.0,5.0,572.0,350.0,154.0,68.0,1489.0,0.0,351.0,11.0,501.0,174.0,25.0,28.0,0.0,0.0,0.0,0.0,241.0,0.0,321.0,0.0,33.0,0.0,0.0,102.0,11.0,47.0,7.0,0.0,10.0,98.0,376.0,0.0,0.0,0.0,18.0,0.0,0.0,0.0,0.0,0.0,9.0,0.0,43.0,9.0,114.0,0.0,0.0,0.0,0.0,0.0,0.0,0.0,51.0,0.0,0.0,0.0,0.0,0.0,0.0,22.0,0.0,0.0,2.0,3.0,0.0,0.0,0.0,0.0,0.0,0.0,0.0,0.0,11.0,7.0,0.0,0.0,5.0,0.0,0.0,0.0,0.0,0.0,0.0,0.0,0.0,0.0,0.0
sample 95,26.0,241.0,78.0,0.0,0.0,183.0,1036.0,0.0,39.0,7.0,0.0,0.0,262.0,94.0,96.0,68.0,0.0,0.0,0.0,0.0,0.0,10.0,0.0,6.0,0.0,0.0,0.0,0.0,6.0,4.0,11.0,169.0,0.0,16.0,54.0,68.0,0.0,0.0,0.0,7.0,0.0,0.0,20.0,0.0,0.0,0.0,0.0,13.0,12.0,0.0,0.0,6.0,19.0,0.0,3.0,0.0,0.0,0.0,0.0,0.0,0.0,0.0,0.0,0.0,0.0,0.0,0.0,0.0,0.0,0.0,0.0,0.0,0.0,0.0,0.0,0.0,0.0,0.0,3.0,0.0,0.0,0.0,0.0,0.0,2.0,0.0,0.0,0.0,0.0,0.0,0.0,0.0
sample 96,6.0,3950.0,178.0,0.0,0.0,0.0,398.0,53.0,177.0,8.0,0.0,11.0,35.0,50.0,32.0,70.0,0.0,0.0,0.0,0.0,0.0,106.0,0.0,0.0,0.0,9.0,0.0,0.0,0.0,0.0,26.0,35.0,0.0,21.0,36.0,14.0,0.0,0.0,0.0,0.0,0.0,0.0,22.0,0.0,0.0,17.0,0.0,17.0,7.0,0.0,0.0,84.0,0.0,0.0,0.0,0.0,0.0,0.0,0.0,0.0,0.0,13.0,0.0,0.0,0.0,2.0,0.0,0.0,0.0,0.0,0.0,0.0,0.0,0.0,0.0,0.0,0.0,0.0,0.0,0.0,0.0,0.0,0.0,5.0,0.0,0.0,0.0,0.0,0.0,0.0,0.0,0.0
sample 97,0.0,1857.0,59.0,0.0,0.0,8.0,107.0,72.0,106.0,13.0,0.0,15.0,59.0,172.0,42.0,40.0,6.0,0.0,0.0,12.0,0.0,22.0,0.0,22.0,0.0,154.0,0.0,0.0,0.0,0.0,0.0,53.0,125.0,0.0,83.0,11.0,0.0,0.0,0.0,0.0,0.0,0.0,18.0,0.0,0.0,0.0,0.0,0.0,0.0,0.0,0.0,30.0,0.0,0.0,0.0,0.0,0.0,0.0,0.0,0.0,0.0,70.0,0.0,0.0,0.0,0.0,0.0,0.0,0.0,0.0,0.0,0.0,0.0,0.0,0.0,0.0,77.0,0.0,0.0,0.0,0.0,0.0,0.0,0.0,0.0,0.0,0.0,0.0,0.0,0.0,0.0,0.0
sample 98,712.0,5268.0,1163.0,0.0,1813.0,155.0,101.0,1212.0,0.0,4.0,27.0,79.0,0.0,181.0,237.0,71.0,234.0,0.0,0.0,0.0,0.0,0.0,61.0,235.0,0.0,0.0,0.0,0.0,62.0,0.0,0.0,0.0,0.0,0.0,375.0,0.0,0.0,419.0,0.0,70.0,276.0,19.0,110.0,0.0,0.0,33.0,0.0,0.0,0.0,5.0,18.0,0.0,0.0,0.0,0.0,0.0,104.0,167.0,0.0,0.0,0.0,0.0,0.0,13.0,0.0,0.0,0.0,95.0,7.0,0.0,0.0,0.0,0.0,0.0,0.0,0.0,0.0,0.0,0.0,62.0,0.0,7.0,0.0,18.0,0.0,0.0,0.0,0.0,0.0,0.0,0.0,0.0
sample 99,7.0,1345.0,106.0,0.0,2.0,2.0,58.0,60.0,5.0,378.0,115.0,8.0,0.0,10.0,27.0,4.0,2.0,0.0,0.0,680.0,0.0,0.0,0.0,6.0,0.0,31.0,0.0,0.0,0.0,0.0,9.0,3.0,41.0,0.0,0.0,0.0,0.0,0.0,0.0,3.0,0.0,0.0,0.0,0.0,0.0,0.0,0.0,0.0,0.0,4.0,0.0,0.0,0.0,0.0,0.0,0.0,0.0,0.0,0.0,0.0,0.0,0.0,0.0,0.0,0.0,0.0,0.0,0.0,0.0,0.0,0.0,4.0,0.0,0.0,0.0,0.0,3.0,0.0,0.0,0.0,0.0,0.0,0.0,0.0,0.0,0.0,0.0,0.0,0.0,0.0,0.0,0.0
sample 100,0.0,1101.0,107.0,0.0,0.0,5.0,33.0,90.0,0.0,358.0,164.0,7.0,0.0,0.0,5.0,0.0,4.0,0.0,0.0,1188.0,0.0,0.0,0.0,8.0,0.0,10.0,0.0,0.0,0.0,0.0,0.0,0.0,35.0,0.0,0.0,12.0,0.0,0.0,0.0,2.0,0.0,0.0,0.0,0.0,0.0,0.0,0.0,0.0,0.0,0.0,0.0,0.0,0.0,0.0,0.0,0.0,0.0,0.0,0.0,0.0,0.0,0.0,0.0,0.0,0.0,0.0,0.0,0.0,0.0,0.0,0.0,24.0,0.0,0.0,0.0,0.0,0.0,0.0,0.0,0.0,0.0,0.0,0.0,0.0,0.0,0.0,0.0,0.0,0.0,0.0,0.0,0.0
sample 101,7.0,4389.0,718.0,0.0,0.0,113.0,323.0,431.0,0.0,1164.0,994.0,68.0,52.0,20.0,59.0,11.0,71.0,0.0,0.0,2105.0,0.0,6.0,0.0,44.0,0.0,139.0,0.0,0.0,6.0,136.0,0.0,12.0,177.0,0.0,0.0,136.0,0.0,0.0,0.0,21.0,0.0,0.0,0.0,0.0,0.0,0.0,0.0,13.0,12.0,154.0,0.0,5.0,22.0,0.0,0.0,0.0,0.0,0.0,0.0,0.0,0.0,0.0,0.0,0.0,0.0,6.0,0.0,0.0,6.0,0.0,0.0,231.0,194.0,0.0,0.0,0.0,13.0,0.0,0.0,0.0,0.0,0.0,0.0,0.0,0.0,0.0,0.0,0.0,0.0,0.0,0.0,0.0
sample 102,6.0,1049.0,164.0,0.0,137.0,0.0,157.0,638.0,32.0,877.0,0.0,17.0,0.0,84.0,101.0,8.0,72.0,0.0,0.0,7.0,0.0,0.0,0.0,442.0,0.0,0.0,0.0,0.0,75.0,50.0,197.0,214.0,3.0,0.0,30.0,0.0,0.0,24.0,0.0,43.0,14.0,0.0,0.0,5.0,511.0,34.0,0.0,26.0,20.0,0.0,0.0,78.0,0.0,0.0,70.0,0.0,0.0,178.0,23.0,0.0,0.0,0.0,0.0,0.0,36.0,0.0,0.0,21.0,49.0,0.0,0.0,0.0,0.0,0.0,0.0,0.0,0.0,0.0,10.0,0.0,0.0,0.0,0.0,0.0,0.0,0.0,0.0,0.0,0.0,0.0,0.0,0.0
sample 103,3.0,731.0,63.0,0.0,26.0,2.0,109.0,187.0,7.0,116.0,0.0,0.0,0.0,24.0,41.0,0.0,21.0,0.0,77.0,11.0,0.0,0.0,0.0,21.0,0.0,0.0,0.0,0.0,11.0,19.0,11.0,16.0,0.0,0.0,11.0,0.0,0.0,0.0,0.0,0.0,4.0,6.0,0.0,0.0,0.0,0.0,3.0,8.0,8.0,0.0,0.0,10.0,0.0,0.0,10.0,0.0,0.0,0.0,0.0,0.0,0.0,0.0,0.0,0.0,0.0,0.0,0.0,0.0,0.0,0.0,0.0,7.0,0.0,0.0,0.0,0.0,0.0,0.0,0.0,0.0,0.0,0.0,0.0,0.0,0.0,0.0,0.0,0.0,0.0,0.0,0.0,0.0
sample 104,6.0,165.0,322.0,0.0,17.0,0.0,462.0,53.0,46.0,352.0,0.0,0.0,0.0,5.0,0.0,0.0,81.0,0.0,0.0,0.0,0.0,0.0,0.0,7.0,0.0,17.0,0.0,0.0,3.0,58.0,0.0,14.0,0.0,0.0,0.0,0.0,0.0,0.0,0.0,0.0,0.0,0.0,0.0,0.0,0.0,7.0,0.0,0.0,19.0,43.0,0.0,9.0,0.0,0.0,0.0,0.0,0.0,3.0,0.0,0.0,0.0,0.0,0.0,0.0,3.0,0.0,0.0,0.0,0.0,0.0,0.0,0.0,0.0,34.0,0.0,0.0,0.0,0.0,0.0,0.0,0.0,0.0,0.0,0.0,0.0,0.0,0.0,0.0,0.0,0.0,0.0,0.0
sample 105,0.0,255.0,481.0,0.0,44.0,0.0,420.0,77.0,37.0,2538.0,0.0,0.0,0.0,78.0,0.0,19.0,159.0,0.0,0.0,0.0,0.0,0.0,0.0,32.0,0.0,0.0,19.0,0.0,0.0,105.0,10.0,7.0,0.0,0.0,0.0,6.0,0.0,0.0,0.0,0.0,0.0,0.0,0.0,0.0,0.0,173.0,0.0,32.0,11.0,10.0,0.0,16.0,0.0,0.0,0.0,0.0,0.0,15.0,0.0,0.0,0.0,0.0,0.0,0.0,10.0,0.0,0.0,0.0,0.0,0.0,0.0,0.0,0.0,0.0,0.0,0.0,0.0,0.0,0.0,0.0,0.0,0.0,0.0,0.0,0.0,0.0,0.0,0.0,0.0,0.0,0.0,0.0
sample 106,2.0,1632.0,27.0,0.0,0.0,0.0,218.0,63.0,6.0,39.0,0.0,24.0,0.0,0.0,0.0,11.0,0.0,0.0,0.0,0.0,0.0,0.0,0.0,54.0,0.0,0.0,0.0,0.0,5.0,57.0,10.0,11.0,0.0,9.0,0.0,0.0,0.0,0.0,0.0,0.0,3.0,0.0,3.0,0.0,0.0,0.0,0.0,0.0,11.0,0.0,0.0,7.0,0.0,0.0,12.0,0.0,0.0,0.0,0.0,0.0,0.0,0.0,0.0,0.0,0.0,0.0,0.0,11.0,0.0,0.0,0.0,0.0,0.0,0.0,0.0,0.0,0.0,0.0,0.0,0.0,0.0,0.0,0.0,0.0,0.0,0.0,0.0,0.0,0.0,0.0,0.0,0.0
sample 107,5.0,485.0,229.0,0.0,2563.0,0.0,16.0,845.0,161.0,0.0,0.0,14.0,0.0,193.0,434.0,42.0,36.0,0.0,0.0,0.0,0.0,0.0,0.0,116.0,0.0,0.0,0.0,0.0,1995.0,22.0,49.0,543.0,0.0,18.0,0.0,0.0,0.0,0.0,0.0,15.0,470.0,0.0,25.0,0.0,0.0,48.0,0.0,0.0,0.0,0.0,169.0,0.0,0.0,0.0,7.0,0.0,43.0,58.0,0.0,0.0,0.0,71.0,0.0,0.0,0.0,24.0,0.0,0.0,14.0,0.0,0.0,0.0,0.0,0.0,0.0,0.0,0.0,0.0,0.0,0.0,0.0,0.0,0.0,0.0,0.0,12.0,0.0,0.0,0.0,0.0,0.0,0.0
sample 108,0.0,2676.0,108.0,0.0,20.0,0.0,132.0,23.0,3.0,153.0,0.0,12.0,4.0,0.0,103.0,25.0,5.0,0.0,0.0,0.0,0.0,0.0,0.0,62.0,0.0,0.0,0.0,0.0,15.0,21.0,18.0,138.0,0.0,31.0,0.0,0.0,0.0,0.0,13.0,0.0,46.0,13.0,15.0,0.0,0.0,0.0,0.0,22.0,15.0,0.0,0.0,12.0,0.0,0.0,2.0,0.0,0.0,0.0,0.0,0.0,0.0,0.0,0.0,0.0,0.0,0.0,9.0,0.0,0.0,0.0,0.0,0.0,0.0,0.0,0.0,0.0,0.0,0.0,0.0,0.0,0.0,0.0,0.0,0.0,0.0,0.0,2.0,0.0,0.0,0.0,0.0,0.0
sample 109,0.0,931.0,20.0,0.0,3.0,0.0,28.0,0.0,0.0,68.0,0.0,8.0,0.0,0.0,17.0,12.0,0.0,0.0,0.0,0.0,0.0,0.0,0.0,20.0,0.0,0.0,0.0,0.0,0.0,102.0,0.0,0.0,0.0,6.0,0.0,0.0,0.0,0.0,0.0,0.0,8.0,0.0,0.0,3.0,0.0,0.0,0.0,3.0,6.0,0.0,0.0,0.0,0.0,0.0,3.0,0.0,0.0,0.0,0.0,0.0,0.0,0.0,0.0,0.0,0.0,0.0,0.0,0.0,0.0,0.0,0.0,0.0,0.0,0.0,0.0,0.0,0.0,0.0,0.0,0.0,0.0,0.0,0.0,0.0,0.0,3.0,0.0,0.0,0.0,0.0,0.0,0.0
sample 110,12.0,816.0,549.0,0.0,0.0,24.0,205.0,132.0,0.0,1037.0,0.0,77.0,0.0,19.0,78.0,0.0,6.0,0.0,70.0,2.0,0.0,0.0,0.0,50.0,0.0,0.0,0.0,0.0,7.0,27.0,0.0,0.0,0.0,0.0,5.0,13.0,0.0,24.0,0.0,0.0,3.0,21.0,2.0,15.0,0.0,0.0,0.0,4.0,0.0,0.0,0.0,4.0,0.0,6.0,0.0,0.0,0.0,18.0,0.0,0.0,26.0,0.0,0.0,0.0,0.0,0.0,0.0,50.0,0.0,0.0,0.0,0.0,0.0,0.0,0.0,0.0,0.0,4.0,2.0,0.0,29.0,0.0,0.0,0.0,0.0,0.0,0.0,0.0,0.0,0.0,0.0,0.0
sample 111,3.0,3452.0,1010.0,0.0,3.0,111.0,411.0,319.0,0.0,1288.0,7.0,122.0,0.0,39.0,132.0,12.0,275.0,0.0,46.0,0.0,0.0,0.0,0.0,139.0,0.0,0.0,0.0,0.0,0.0,44.0,30.0,16.0,0.0,0.0,15.0,24.0,0.0,16.0,0.0,16.0,0.0,0.0,0.0,0.0,0.0,0.0,0.0,6.0,0.0,0.0,0.0,0.0,0.0,0.0,0.0,0.0,16.0,45.0,0.0,0.0,21.0,0.0,0.0,0.0,0.0,0.0,0.0,18.0,0.0,0.0,0.0,0.0,0.0,0.0,0.0,0.0,0.0,0.0,12.0,0.0,0.0,3.0,0.0,0.0,0.0,0.0,0.0,0.0,0.0,0.0,0.0,0.0
sample 112,6.0,580.0,193.0,0.0,142.0,36.0,93.0,100.0,0.0,793.0,0.0,16.0,0.0,8.0,38.0,2.0,5.0,0.0,28.0,0.0,0.0,0.0,0.0,7.0,0.0,0.0,0.0,0.0,0.0,23.0,0.0,0.0,0.0,0.0,5.0,0.0,0.0,0.0,0.0,0.0,0.0,9.0,0.0,0.0,0.0,208.0,0.0,0.0,0.0,0.0,0.0,0.0,0.0,0.0,0.0,0.0,0.0,0.0,0.0,0.0,0.0,0.0,0.0,0.0,0.0,0.0,0.0,0.0,0.0,2.0,0.0,0.0,0.0,0.0,0.0,0.0,0.0,0.0,0.0,0.0,0.0,0.0,0.0,0.0,0.0,0.0,0.0,0.0,0.0,0.0,0.0,0.0
sample 113,64.0,647.0,188.0,2.0,15.0,6.0,35.0,12.0,0.0,0.0,0.0,0.0,0.0,8.0,0.0,55.0,7.0,77.0,0.0,0.0,0.0,0.0,0.0,12.0,0.0,0.0,0.0,0.0,0.0,6.0,0.0,71.0,0.0,0.0,11.0,0.0,0.0,0.0,4.0,5.0,0.0,0.0,0.0,0.0,0.0,0.0,0.0,0.0,2.0,0.0,0.0,0.0,0.0,0.0,0.0,0.0,0.0,5.0,0.0,0.0,0.0,0.0,0.0,0.0,0.0,0.0,0.0,0.0,0.0,0.0,0.0,0.0,0.0,0.0,0.0,0.0,0.0,0.0,0.0,0.0,0.0,0.0,0.0,0.0,0.0,0.0,0.0,0.0,0.0,0.0,0.0,0.0
sample 114,477.0,1904.0,175.0,0.0,62.0,43.0,66.0,13.0,30.0,11.0,13.0,38.0,0.0,14.0,24.0,49.0,11.0,212.0,0.0,0.0,0.0,0.0,0.0,38.0,17.0,68.0,0.0,0.0,4.0,0.0,0.0,0.0,74.0,0.0,11.0,0.0,0.0,0.0,0.0,8.0,0.0,0.0,8.0,0.0,0.0,0.0,0.0,0.0,0.0,0.0,0.0,0.0,0.0,0.0,0.0,0.0,0.0,0.0,0.0,0.0,0.0,0.0,0.0,0.0,0.0,0.0,0.0,0.0,0.0,0.0,0.0,0.0,0.0,0.0,0.0,4.0,0.0,0.0,3.0,9.0,0.0,0.0,0.0,0.0,0.0,0.0,0.0,0.0,0.0,0.0,0.0,0.0
sample 115,428.0,2016.0,208.0,5.0,505.0,53.0,61.0,54.0,0.0,11.0,0.0,0.0,0.0,13.0,25.0,46.0,39.0,302.0,2.0,0.0,0.0,0.0,0.0,15.0,0.0,53.0,0.0,0.0,5.0,0.0,0.0,6.0,0.0,0.0,9.0,0.0,181.0,0.0,0.0,5.0,0.0,0.0,5.0,0.0,0.0,0.0,0.0,6.0,0.0,2.0,0.0,0.0,0.0,0.0,0.0,0.0,0.0,0.0,0.0,0.0,0.0,0.0,0.0,0.0,0.0,0.0,0.0,0.0,0.0,0.0,0.0,0.0,0.0,26.0,0.0,0.0,0.0,0.0,0.0,0.0,0.0,0.0,0.0,0.0,0.0,0.0,0.0,0.0,0.0,0.0,0.0,0.0
sample 116,107.0,1610.0,612.0,5.0,139.0,0.0,220.0,182.0,0.0,163.0,0.0,35.0,0.0,0.0,66.0,6.0,0.0,0.0,5.0,0.0,0.0,64.0,0.0,66.0,0.0,29.0,0.0,0.0,0.0,58.0,0.0,20.0,0.0,14.0,0.0,0.0,0.0,0.0,0.0,0.0,0.0,4.0,0.0,0.0,0.0,7.0,0.0,0.0,0.0,6.0,0.0,0.0,0.0,0.0,0.0,4.0,0.0,30.0,0.0,0.0,0.0,0.0,0.0,0.0,0.0,0.0,0.0,0.0,0.0,0.0,0.0,0.0,0.0,0.0,0.0,0.0,0.0,0.0,0.0,0.0,0.0,0.0,0.0,0.0,0.0,0.0,0.0,0.0,0.0,0.0,0.0,0.0
sample 117,704.0,2700.0,700.0,5.0,1328.0,25.0,507.0,2866.0,15.0,432.0,8.0,41.0,0.0,0.0,122.0,34.0,19.0,0.0,145.0,0.0,0.0,0.0,0.0,224.0,8.0,36.0,0.0,12.0,251.0,220.0,76.0,73.0,48.0,62.0,0.0,6.0,0.0,0.0,0.0,0.0,0.0,47.0,0.0,0.0,0.0,6.0,0.0,12.0,0.0,66.0,0.0,0.0,0.0,16.0,0.0,0.0,0.0,99.0,0.0,0.0,0.0,0.0,0.0,0.0,0.0,0.0,0.0,0.0,0.0,0.0,0.0,0.0,0.0,0.0,0.0,0.0,11.0,0.0,0.0,0.0,0.0,0.0,0.0,0.0,0.0,0.0,0.0,0.0,0.0,0.0,0.0,0.0
sample 118,9.0,540.0,186.0,0.0,3616.0,96.0,0.0,529.0,28.0,0.0,0.0,86.0,2.0,61.0,408.0,22.0,364.0,0.0,0.0,0.0,0.0,0.0,0.0,342.0,0.0,0.0,0.0,0.0,1298.0,71.0,25.0,0.0,0.0,0.0,10.0,0.0,143.0,95.0,0.0,86.0,141.0,0.0,46.0,0.0,0.0,37.0,0.0,0.0,0.0,0.0,32.0,0.0,0.0,0.0,20.0,0.0,51.0,141.0,0.0,0.0,0.0,0.0,0.0,0.0,0.0,0.0,0.0,0.0,14.0,0.0,0.0,0.0,0.0,0.0,58.0,0.0,0.0,0.0,0.0,0.0,0.0,9.0,0.0,6.0,0.0,0.0,0.0,14.0,0.0,0.0,0.0,0.0
sample 119,47.0,1101.0,607.0,0.0,151.0,45.0,174.0,55.0,6.0,63.0,0.0,31.0,0.0,0.0,34.0,0.0,0.0,0.0,4.0,0.0,0.0,0.0,0.0,48.0,4.0,29.0,0.0,0.0,77.0,19.0,0.0,6.0,0.0,37.0,0.0,4.0,0.0,0.0,0.0,0.0,0.0,9.0,0.0,0.0,0.0,0.0,0.0,0.0,0.0,0.0,0.0,13.0,0.0,0.0,0.0,0.0,0.0,0.0,0.0,0.0,0.0,0.0,0.0,0.0,0.0,0.0,0.0,0.0,0.0,0.0,0.0,0.0,0.0,0.0,5.0,0.0,0.0,0.0,0.0,0.0,0.0,0.0,0.0,0.0,0.0,0.0,0.0,0.0,0.0,0.0,0.0,0.0
sample 120,3.0,1052.0,18.0,0.0,0.0,66.0,194.0,53.0,0.0,75.0,0.0,65.0,0.0,45.0,0.0,21.0,6.0,0.0,0.0,0.0,0.0,45.0,0.0,0.0,0.0,0.0,0.0,0.0,0.0,14.0,9.0,9.0,0.0,0.0,8.0,0.0,0.0,0.0,266.0,0.0,0.0,0.0,14.0,0.0,0.0,0.0,11.0,5.0,4.0,7.0,9.0,0.0,0.0,0.0,15.0,0.0,0.0,0.0,0.0,0.0,0.0,0.0,0.0,0.0,0.0,0.0,0.0,0.0,0.0,0.0,0.0,0.0,5.0,0.0,0.0,0.0,4.0,6.0,0.0,0.0,0.0,0.0,5.0,0.0,0.0,0.0,0.0,0.0,0.0,0.0,0.0,0.0
sample 121,13.0,1904.0,28.0,2.0,0.0,0.0,393.0,136.0,0.0,150.0,0.0,182.0,0.0,27.0,0.0,17.0,0.0,0.0,0.0,0.0,0.0,20.0,0.0,9.0,0.0,0.0,0.0,0.0,0.0,5.0,0.0,30.0,0.0,0.0,0.0,9.0,0.0,0.0,331.0,0.0,0.0,38.0,8.0,11.0,0.0,0.0,0.0,0.0,10.0,0.0,20.0,0.0,0.0,0.0,20.0,0.0,0.0,0.0,0.0,0.0,0.0,0.0,0.0,0.0,0.0,0.0,0.0,0.0,0.0,0.0,0.0,0.0,0.0,0.0,0.0,0.0,0.0,0.0,0.0,0.0,0.0,0.0,0.0,0.0,0.0,5.0,0.0,0.0,0.0,0.0,0.0,0.0
sample 122,10.0,5468.0,93.0,4.0,18.0,65.0,346.0,80.0,0.0,380.0,0.0,23.0,0.0,70.0,23.0,47.0,10.0,0.0,0.0,0.0,0.0,0.0,0.0,0.0,0.0,0.0,0.0,0.0,70.0,56.0,15.0,0.0,0.0,0.0,41.0,35.0,0.0,0.0,528.0,0.0,0.0,10.0,32.0,18.0,0.0,0.0,0.0,12.0,7.0,48.0,0.0,0.0,0.0,0.0,29.0,0.0,0.0,0.0,0.0,0.0,0.0,3.0,0.0,0.0,0.0,0.0,9.0,0.0,7.0,0.0,0.0,0.0,17.0,0.0,0.0,0.0,5.0,18.0,0.0,0.0,0.0,0.0,0.0,0.0,0.0,0.0,0.0,0.0,0.0,0.0,0.0,0.0
sample 123,30.0,1814.0,7637.0,13.0,469.0,10.0,2875.0,3757.0,162.0,306.0,0.0,1553.0,0.0,26.0,0.0,427.0,274.0,0.0,366.0,0.0,0.0,0.0,0.0,27.0,0.0,132.0,0.0,49.0,17.0,261.0,0.0,89.0,126.0,0.0,0.0,0.0,0.0,0.0,0.0,3.0,0.0,0.0,0.0,0.0,0.0,0.0,0.0,0.0,0.0,0.0,0.0,0.0,0.0,0.0,4.0,0.0,0.0,0.0,0.0,0.0,132.0,0.0,0.0,0.0,0.0,0.0,0.0,134.0,0.0,0.0,0.0,0.0,0.0,0.0,0.0,0.0,132.0,8.0,0.0,0.0,53.0,7.0,0.0,0.0,16.0,0.0,0.0,0.0,34.0,0.0,0.0,0.0
sample 124,1186.0,159.0,474.0,0.0,0.0,0.0,180.0,1652.0,25.0,35.0,0.0,66.0,0.0,8.0,0.0,25.0,9.0,0.0,74.0,0.0,0.0,0.0,0.0,0.0,0.0,21.0,0.0,2.0,0.0,36.0,0.0,15.0,32.0,0.0,0.0,8.0,0.0,4.0,0.0,0.0,0.0,0.0,0.0,0.0,3.0,0.0,0.0,2.0,0.0,0.0,0.0,0.0,0.0,0.0,0.0,0.0,0.0,0.0,0.0,0.0,0.0,0.0,0.0,0.0,0.0,0.0,0.0,0.0,0.0,0.0,0.0,0.0,0.0,0.0,0.0,0.0,16.0,0.0,0.0,0.0,0.0,0.0,0.0,0.0,0.0,0.0,0.0,0.0,5.0,0.0,0.0,0.0
sample 125,5687.0,1258.0,3268.0,0.0,29.0,0.0,956.0,821.0,12.0,393.0,0.0,290.0,0.0,0.0,0.0,222.0,4.0,0.0,416.0,0.0,0.0,0.0,0.0,28.0,0.0,605.0,0.0,0.0,61.0,23.0,0.0,45.0,658.0,0.0,0.0,0.0,0.0,0.0,0.0,0.0,0.0,0.0,0.0,0.0,82.0,0.0,0.0,0.0,3.0,0.0,0.0,0.0,0.0,0.0,0.0,0.0,0.0,0.0,0.0,0.0,0.0,0.0,0.0,0.0,0.0,0.0,0.0,59.0,0.0,7.0,0.0,0.0,0.0,0.0,0.0,0.0,0.0,0.0,0.0,0.0,0.0,0.0,0.0,0.0,0.0,0.0,0.0,0.0,0.0,0.0,4.0,0.0
sample 126,5.0,1943.0,170.0,25.0,21.0,8.0,21.0,170.0,2.0,66.0,0.0,19.0,0.0,9.0,26.0,16.0,0.0,0.0,30.0,0.0,9.0,17.0,0.0,30.0,0.0,0.0,0.0,0.0,5.0,0.0,0.0,18.0,0.0,0.0,0.0,0.0,0.0,0.0,0.0,0.0,2.0,0.0,0.0,0.0,12.0,0.0,0.0,10.0,0.0,13.0,0.0,0.0,0.0,0.0,5.0,0.0,0.0,0.0,0.0,0.0,0.0,0.0,0.0,0.0,0.0,0.0,0.0,0.0,0.0,0.0,0.0,0.0,0.0,0.0,0.0,0.0,0.0,0.0,0.0,0.0,0.0,0.0,0.0,0.0,0.0,0.0,0.0,0.0,0.0,0.0,0.0,0.0
sample 127,0.0,845.0,89.0,3.0,11.0,8.0,57.0,145.0,0.0,40.0,0.0,23.0,0.0,15.0,0.0,21.0,0.0,0.0,6.0,0.0,0.0,47.0,0.0,28.0,0.0,0.0,0.0,0.0,9.0,0.0,12.0,25.0,0.0,0.0,3.0,0.0,0.0,0.0,0.0,5.0,2.0,0.0,0.0,0.0,0.0,0.0,0.0,0.0,0.0,0.0,5.0,0.0,21.0,0.0,7.0,0.0,0.0,8.0,0.0,0.0,0.0,0.0,0.0,0.0,0.0,0.0,0.0,5.0,0.0,0.0,0.0,0.0,0.0,0.0,0.0,0.0,6.0,0.0,0.0,0.0,0.0,0.0,0.0,0.0,0.0,0.0,0.0,0.0,0.0,0.0,0.0,0.0
sample 128,42.0,1695.0,58.0,0.0,171.0,96.0,42.0,202.0,0.0,62.0,0.0,47.0,0.0,26.0,169.0,33.0,0.0,0.0,204.0,15.0,0.0,79.0,0.0,50.0,8.0,18.0,0.0,0.0,0.0,3.0,63.0,125.0,0.0,0.0,6.0,47.0,0.0,0.0,0.0,9.0,2.0,11.0,0.0,0.0,3.0,0.0,10.0,21.0,0.0,63.0,32.0,8.0,49.0,0.0,7.0,0.0,0.0,38.0,0.0,0.0,0.0,0.0,0.0,0.0,0.0,0.0,0.0,0.0,0.0,0.0,0.0,0.0,0.0,0.0,0.0,0.0,13.0,18.0,0.0,0.0,0.0,0.0,0.0,0.0,0.0,0.0,0.0,0.0,0.0,5.0,0.0,0.0
